-- INSERT publisher --------------
insert into publisher (publisher_id,name,address) values('1', N'NXB Trẻ', N'161B Lý Chinh Thắng, TP Hồ Chí Minh');
insert into publisher (publisher_id,name,address) values('2', N'Giáo Dục', N'81 Trần Hưng Đạo, Hà Nội');
insert into publisher (publisher_id,name,address) values('3', N'Trí Thức', N'45 Nguyễn Du, Hà Nội');
insert into publisher (publisher_id,name,address) values('4', N'Phụ Nữ', N'39 Hàng Chuối, Hà Nội');
insert into publisher (publisher_id,name,address) values('5', N'Kim Đồng', N'55 Quang Trung, Hà Nội');
insert into publisher (publisher_id,name,address) values('6', N'Lao Động', N'175 Giảng Võ, Hà Nội');
insert into publisher (publisher_id,name,address) values('7', N'Mỹ Thuật', N'44B Hàm Long, Hà Nội');
insert into publisher (publisher_id,name,address) values('8', N'NXB Hà Nội', N'4 Tống Duy Tân, Hà Nội');
insert into publisher (publisher_id,name,address) values('9', N'NXB TP Hồ Chí Minh', N'62 Nguyễn Thị Minh Khai, TP Hồ Chí Minh');
insert into publisher (publisher_id,name,address) values('10', N'Thanh Niên', N'62 Bà Triệu, Hà Nội');
insert into publisher (publisher_id,name,address) values('11', N'Thế Giới', N'46 Trần Hưng Đạo, Hà Nội');
insert into publisher (publisher_id,name,address) values('12', N'Văn Học', N'18 Nguyễn Trường Tộ, Hà Nội');
insert into publisher (publisher_id,name,address) values('13', N'Hội Nhà Văn', N'65 Nguyễn Du, Hà Nội');
insert into publisher (publisher_id,name,address) values('14', N'Tư Pháp', N'35 Trần Quốc Toản, Hà Nội');
insert into publisher (publisher_id,name,address) values('15', N'Giao Thông Vận Tải', N'80B Trần Hưng Đạo, Hà Nội');

-- INSERT book --------------
INSERT INTO book (book_id,title,price,inventory_qty,publisher_id) VALUES (1, 'Inferno', 142000, 204, 1) ;
INSERT INTO book (book_id,title,price,inventory_qty,publisher_id) VALUES (2, 'Deception Point', 148000, 198, 2) ;
INSERT INTO book (book_id,title,price,inventory_qty,publisher_id) VALUES (3, 'Sherlock Holmes - Part 1', 82000, 150, 3) ;
INSERT INTO book (book_id,title,price,inventory_qty,publisher_id) VALUES (4, 'Sherlock Holmes - Part 2', 83000, 150, 4) ;
INSERT INTO book (book_id,title,price,inventory_qty,publisher_id) VALUES (5, 'Sherlock Holmes - Part 3', 82000, 150, 5) ;
INSERT INTO book (book_id,title,price,inventory_qty,publisher_id) VALUES (6, 'A Game Of Thrones', 199000, 200, 6) ;
INSERT INTO book (book_id,title,price,inventory_qty,publisher_id) VALUES (7, 'Fire & Blood', 411000, 200, 7) ;
INSERT INTO book (book_id,title,price,inventory_qty,publisher_id) VALUES (8, 'A Song of Ice and Fire: A Knight Of The Seven Kingdoms', 141000, 200, 8) ;
INSERT INTO book (book_id,title,price,inventory_qty,publisher_id) VALUES (9, 'A Storm Of Swords 2: Blood And Gold', 339000, 200, 9) ;
INSERT INTO book (book_id,title,price,inventory_qty,publisher_id) VALUES (10, 'A Feast For Crows', 126000, 200, 10) ;
INSERT INTO book (book_id,title,price,inventory_qty,publisher_id) VALUES (11, 'Wordsworth Editions: The Little Prince', 74000, 100, 11) ;
INSERT INTO book (book_id,title,price,inventory_qty,publisher_id) VALUES (12, 'Harry Potter Part 1: Harry Potter And The Philosopher Stone', 197000, 180, 12) ;
INSERT INTO book (book_id,title,price,inventory_qty,publisher_id) VALUES (13, 'Harry Potter Part 2: Harry Potter And The Chamber Of Secrets', 160000, 250, 13) ;
INSERT INTO book (book_id,title,price,inventory_qty,publisher_id) VALUES (14, 'Harry Potter Part 3: Harry Potter And The Prisoner Of Azkaban', 130000, 250, 14) ;
INSERT INTO book (book_id,title,price,inventory_qty,publisher_id) VALUES (15, 'Harry Potter Part 4: Harry Potter And The Goblet Of Fire', 130000, 250, 1) ;
INSERT INTO book (book_id,title,price,inventory_qty,publisher_id) VALUES (16, 'Harry Potter Part 5: Harry Potter And The Order Of The Phoenix', 131000, 220, 3) ;
INSERT INTO book (book_id,title,price,inventory_qty,publisher_id) VALUES (17, 'Harry Potter Part 6: Harry Potter And The Half-Blood Prince', 130000, 250, 5) ;
INSERT INTO book (book_id,title,price,inventory_qty,publisher_id) VALUES (18, 'Harry Potter Part 7: Harry Potter And The Deathly Hallows', 152000, 250, 7) ;
INSERT INTO book (book_id,title,price,inventory_qty,publisher_id) VALUES (19, 'One Piece Color Walk Art Book', 230000, 250, 9) ;
INSERT INTO book (book_id,title,price,inventory_qty,publisher_id) VALUES (20, 'Charlie and the Chocolate Factory', 188000, 250, 11) ;
INSERT INTO book (book_id,title,price,inventory_qty,publisher_id) VALUES (21, 'The Silk Roads', 361000, 15, 1); 
INSERT INTO book (book_id,title,price,inventory_qty,publisher_id) VALUES (22, 'Sapiens: A Brief History of Humankind', 122000, 23, 1); 
INSERT INTO book (book_id,title,price,inventory_qty,publisher_id) VALUES (23, 'Homo Deus', 129796, 32, 2); 
INSERT INTO book (book_id,title,price,inventory_qty,publisher_id) VALUES (24, 'Dai Viet Su Ky Toan Thu', 119900, 56, 3);
INSERT INTO book (book_id,title,price,inventory_qty,publisher_id) VALUES (25, 'Another', 111000, 65, 4); 
INSERT INTO book (book_id,title,price,inventory_qty,publisher_id) VALUES (26, 'Me Lo Quan', 68400, 99, 5); 
INSERT INTO book (book_id,title,price,inventory_qty,publisher_id) VALUES (27, 'Thuy Xa Quan', 56000, 100, 5); 
INSERT INTO book (book_id,title,price,inventory_qty,publisher_id) VALUES (28, 'Gia Thuyet Thu 7', 70000, 27, 6); 
INSERT INTO book (book_id,title,price,inventory_qty,publisher_id) VALUES (29, 'Gone With The Wind', 170000, 40, 7); 
INSERT INTO book (book_id,title,price,inventory_qty,publisher_id) VALUES (30, 'The Fault In Our Stars', 130800, 39, 8); 
INSERT INTO book (book_id,title,price,inventory_qty,publisher_id) VALUES (31, 'Camille', 36000, 120, 9); 
INSERT INTO book (book_id,title,price,inventory_qty,publisher_id) VALUES (32, 'Norwegian Wood', 86164, 70, 10); 
INSERT INTO book (book_id,title,price,inventory_qty,publisher_id) VALUES (33, 'Bill Gates', 145865, 85, 11); 
INSERT INTO book (book_id,title,price,inventory_qty,publisher_id) VALUES (34, 'Eistein: The Life and Universe', 265000, 111, 12); 
INSERT INTO book (book_id,title,price,inventory_qty,publisher_id) VALUES (35, 'Dai Tuong Vo Nguyen Giap', 157500, 137, 13); 
INSERT INTO book (book_id,title,price,inventory_qty,publisher_id) VALUES (36, 'Jackie Kennedy', 97000, 92, 14); 
INSERT INTO book (book_id,title,price,inventory_qty,publisher_id) VALUES (37, 'IELTS Handbook', 94000, 205, 15); 
INSERT INTO book (book_id,title,price,inventory_qty,publisher_id) VALUES (38, 'Mindmap English Grammar', 132900, 170, 1); 
INSERT INTO book (book_id,title,price,inventory_qty,publisher_id) VALUES (39, 'Ngu Phap Tieng Anh', 58000, 310, 2); 
INSERT INTO book (book_id,title,price,inventory_qty,publisher_id) VALUES (40, 'English Grammar In Use', 95900, 50, 3); 
INSERT INTO book (book_id,title,price,inventory_qty,publisher_id) VALUES (41, 'Clap When You Land', 280000, 30, 4);
INSERT INTO book (book_id,title,price,inventory_qty,publisher_id) VALUES (42, 'Lets See Them Poems', 25000, 29, 6);
INSERT INTO book (book_id,title,price,inventory_qty,publisher_id) VALUES (43, 'Radical Wordsworth: The Poet Who Changed the World', 450000, 30, 10 );
INSERT INTO book (book_id,title,price,inventory_qty,publisher_id) VALUES (44, 'What Makes a Marriage Last', 330000, 30, 7);
INSERT INTO book (book_id,title,price,inventory_qty,publisher_id) VALUES (45, 'Why Bother: Discover the Desire for What’s Next',  235000, 30, 8);
INSERT INTO book (book_id,title,price,inventory_qty,publisher_id) VALUES (46, 'Fortitude: American Resilience in the Era of Outrage', 343000, 30, 11);
INSERT INTO book (book_id,title,price,inventory_qty,publisher_id) VALUES (47, 'Make Your Bed: Little Things That Can Change Your Life...And Maybe the World', 275000, 30, 11);
INSERT INTO book (book_id,title,price,inventory_qty,publisher_id) VALUES (48, 'The Fifth Risk: Undoing Democracy', 185000, 30, 14);
INSERT INTO book (book_id,title,price,inventory_qty,publisher_id) VALUES (49, 'Talking to Strangers: What We Should Know About the People We Don’t Know', 355000, 30, 1);
INSERT INTO book (book_id,title,price,inventory_qty,publisher_id) VALUES (50, 'The Princess Bride', 75000, 30, 12);
INSERT INTO book (book_id,title,price,inventory_qty,publisher_id) VALUES (51, 'Ready Player One', 245000, 30, 2);
INSERT INTO book (book_id,title,price,inventory_qty,publisher_id) VALUES (52, 'The Martian', 190000, 30, 3);
INSERT INTO book (book_id,title,price,inventory_qty,publisher_id) VALUES (53, 'Clean Code: A Handbook of Agile Software Craftsmanship', 950000, 30, 1);
INSERT INTO book (book_id,title,price,inventory_qty,publisher_id) VALUES (54, 'Code Complete', 515000, 30, 5);
INSERT INTO book (book_id,title,price,inventory_qty,publisher_id) VALUES (55, 'Refactoring: Improving the Design of Existing Code', 825000, 30, 9);

-- INSERT genre --------------
INSERT INTO genre (book_id,genre) VALUES (1, 'Action');
INSERT INTO genre (book_id,genre) VALUES (1, 'Adventure');
INSERT INTO genre (book_id,genre) VALUES (2, 'Action');
INSERT INTO genre (book_id,genre) VALUES (2, 'Adventure');
INSERT INTO genre (book_id,genre) VALUES (3, 'Adventure');
INSERT INTO genre (book_id,genre) VALUES (4, 'Action');
INSERT INTO genre (book_id,genre) VALUES (4, 'Fantasy');
INSERT INTO genre (book_id,genre) VALUES (4, 'Classics');
INSERT INTO genre (book_id,genre) VALUES (5, 'Action');
INSERT INTO genre (book_id,genre) VALUES (5, 'Fantasy');
INSERT INTO genre (book_id,genre) VALUES (5, 'Classics');
INSERT INTO genre (book_id,genre) VALUES (6, 'Action');
INSERT INTO genre (book_id,genre) VALUES (6, 'Fantasy');
INSERT INTO genre (book_id,genre) VALUES (6, 'Classics');
INSERT INTO genre (book_id,genre) VALUES (7, 'Action');
INSERT INTO genre (book_id,genre) VALUES (7, 'Fantasy');
INSERT INTO genre (book_id,genre) VALUES (7, 'Classics');
INSERT INTO genre (book_id,genre) VALUES (8, 'Action');
INSERT INTO genre (book_id,genre) VALUES (8, 'Fantasy');
INSERT INTO genre (book_id,genre) VALUES (8, 'Classics');
INSERT INTO genre (book_id,genre) VALUES (9, 'Action');
INSERT INTO genre (book_id,genre) VALUES (9, 'Fantasy');
INSERT INTO genre (book_id,genre) VALUES (9, 'Classics');
INSERT INTO genre (book_id,genre) VALUES (10, 'Action');
INSERT INTO genre (book_id,genre) VALUES (10, 'Fantasy');
INSERT INTO genre (book_id,genre) VALUES (10, 'Classics');
INSERT INTO genre (book_id,genre) VALUES (11,'Mystery');
INSERT INTO genre (book_id,genre) VALUES (11,'Fantasy');
INSERT INTO genre (book_id,genre) VALUES (11,'Adventure');
INSERT INTO genre (book_id,genre) VALUES (12,'Mystery');
INSERT INTO genre (book_id,genre) VALUES (12,'Fantasy');
INSERT INTO genre (book_id,genre) VALUES (12,'Adventure');
INSERT INTO genre (book_id,genre) VALUES (13,'Mystery');
INSERT INTO genre (book_id,genre) VALUES (13,'Fantasy');
INSERT INTO genre (book_id,genre) VALUES (13,'Adventure');
INSERT INTO genre (book_id,genre) VALUES (14,'Mystery');
INSERT INTO genre (book_id,genre) VALUES (14,'Fantasy');
INSERT INTO genre (book_id,genre) VALUES (14,'Adventure');
INSERT INTO genre (book_id,genre) VALUES (15,'Mystery');
INSERT INTO genre (book_id,genre) VALUES (15,'Fantasy');
INSERT INTO genre (book_id,genre) VALUES (15,'Adventure');
INSERT INTO genre (book_id,genre) VALUES (16,'Mystery');
INSERT INTO genre (book_id,genre) VALUES (16,'Fantasy');
INSERT INTO genre (book_id,genre) VALUES (16,'Adventure');
INSERT INTO genre (book_id,genre) VALUES (17,'Mystery');
INSERT INTO genre (book_id,genre) VALUES (17,'Fantasy');
INSERT INTO genre (book_id,genre) VALUES (17,'Adventure');
INSERT INTO genre (book_id,genre) VALUES (18,'Mystery');
INSERT INTO genre (book_id,genre) VALUES (18,'Fantasy');
INSERT INTO genre (book_id,genre) VALUES (18,'Adventure');
INSERT INTO genre (book_id,genre) VALUES (19, 'Comic');
INSERT INTO genre (book_id,genre) VALUES (20, 'Comic');
INSERT INTO genre (book_id,genre) VALUES (20, 'Fantasy');
INSERT INTO genre (book_id,genre) VALUES (21, 'History'), (22, 'History'), (23, 'History'), (24, 'History');
INSERT INTO genre (book_id,genre) VALUES (25, 'Horror'), (26, 'Horror'), (27, 'Horror'), (28, 'Horror');
INSERT INTO genre (book_id,genre) VALUES (29, 'Romance'), (30, 'Romance'), (31, 'Romance'), (32, 'Romance');
INSERT INTO genre (book_id,genre) VALUES (33, 'Biographic'), (34, 'Biographic'), (35, 'Biographic'), (36, 'Biographic');
INSERT INTO genre (book_id,genre) VALUES (37, 'Essay'), (38, 'Essay'), (39, 'Essay'), (40, 'Essay');
INSERT INTO genre (book_id,genre) VALUES (41, 'Poetry'), (42, 'Poetry'), (43, 'Poetry');
INSERT INTO genre (book_id,genre) VALUES (44, 'Self-help'), (45, 'Self-help'), (46, 'Self-help');
INSERT INTO genre (book_id,genre) VALUES (47, 'Business'), (48, 'Business'), (49, 'Business');
INSERT INTO genre (book_id,genre) VALUES (50, 'Adventure'), (51, 'Adventure'), (52, 'Adventure');
INSERT INTO genre (book_id,genre) VALUES (53, 'Technical'), (54, 'Technical'), (55, 'Technical');

-- INSERT author --------------
INSERT INTO author VALUES (1, 'Dan Brown', 'USA');
INSERT INTO author VALUES (2, 'Sir Arthur Conan Doyle', 'England');
INSERT INTO author VALUES (3, 'George R. R. Martin', 'USA');
INSERT INTO author VALUES (4, 'Antoine De Saint-Exupery', 'France');
INSERT INTO author VALUES (5, 'J. K. Rowling', 'England');
INSERT INTO author VALUES (6, 'Eiichiro Oda', 'Japan');
INSERT INTO author VALUES (7, 'Roald Dahl', 'England');
INSERT INTO author VALUES (8, 'Peter Frankopan', 'England');
INSERT INTO author VALUES (9, 'Raymond Murphy', 'England');
INSERT INTO author VALUES (10, 'Yuval Noah Harari', 'Israel');
INSERT INTO author VALUES (11, 'Ngo Si Lien', 'Vietnam');
INSERT INTO author VALUES (12, 'Le Van Huu', 'Vietnam');
INSERT INTO author VALUES (13, 'Phan Phu Tien', 'Vietnam');
INSERT INTO author VALUES (14, 'Kien Tran', 'Vietnam');
INSERT INTO author VALUES (15, 'Do Nhung', 'Vietnam');
INSERT INTO author VALUES (16, 'Mai Lan Huong', 'Vietnam');
INSERT INTO author VALUES (17, 'Tran Hong', 'Vietnam');
INSERT INTO author VALUES (18, 'Yukito Ayatsuji', 'Japan');
INSERT INTO author VALUES (19, 'Haruki Murakami', 'Japan');
INSERT INTO author VALUES (20, 'Paul Halter', 'France');
INSERT INTO author VALUES (21, 'Alexandre Dumas', 'France');
INSERT INTO author VALUES (22, 'Maud Guillaumin', 'France');
INSERT INTO author VALUES (23, 'Margaret Mitchell', 'USA');
INSERT INTO author VALUES (24, 'John Green', 'USA');
INSERT INTO author VALUES (25, 'James Wallace', 'USA');
INSERT INTO author VALUES (26, 'Walter Isaacson', 'USA');
insert into author VALUES (27, 'Elizabeth Acevedo', 'USA');
insert into author VALUES (28, 'Andrew Shaffer', 'USA');
insert into author VALUES (29, 'Jonathan Bate', 'England');
insert into author VALUES (30, 'Marlo Thomas', 'USA');
insert into author VALUES (31, 'Jennifer Louden', 'USA');
insert into author VALUES (32, 'Dan Crenshaw', 'England');
insert into author VALUES (33, 'William H. McRaven', 'USA');
insert into author VALUES (34, 'Michael Lewis', 'USA');
insert into author VALUES (35, 'Malcolm Gladwell', 'Canada');
insert into author VALUES (36, 'William Goldman', 'USA');
insert into author VALUES (37, 'Ernest Cline', 'USA');
insert into author VALUES (38, 'Andy Weir', 'USA');
insert into author VALUES (39, 'Robert C. Martin', 'USA');
insert into author VALUES (40, 'Steve McConnell', 'USA');
insert into author VALUES (41, 'Martin Fowler', 'England');

-- INSERT author_detail --------------
INSERT INTO author_detail (author_id,book_id) VALUES (1,1);
INSERT INTO author_detail (author_id,book_id) VALUES (1,2);
INSERT INTO author_detail (author_id,book_id) VALUES (2,3);
INSERT INTO author_detail (author_id,book_id) VALUES (2,4);
INSERT INTO author_detail (author_id,book_id) VALUES (2,5);
INSERT INTO author_detail (author_id,book_id) VALUES (3,6);
INSERT INTO author_detail (author_id,book_id) VALUES (3,7);
INSERT INTO author_detail (author_id,book_id) VALUES (3,8);
INSERT INTO author_detail (author_id,book_id) VALUES (3,9);
INSERT INTO author_detail (author_id,book_id) VALUES (3,10);
INSERT INTO author_detail (author_id,book_id) VALUES (4,11);
INSERT INTO author_detail (author_id,book_id) VALUES (5,12);
INSERT INTO author_detail (author_id,book_id) VALUES (5,13);
INSERT INTO author_detail (author_id,book_id) VALUES (5,14);
INSERT INTO author_detail (author_id,book_id) VALUES (5,15);
INSERT INTO author_detail (author_id,book_id) VALUES (5,16);
INSERT INTO author_detail (author_id,book_id) VALUES (5,17);
INSERT INTO author_detail (author_id,book_id) VALUES (5,18);
INSERT INTO author_detail (author_id,book_id) VALUES (6,19);
INSERT INTO author_detail (author_id,book_id) VALUES (7,20);
INSERT INTO author_detail (author_id,book_id) VALUES (8, 21);
INSERT INTO author_detail (author_id,book_id) VALUES (10, 22);
INSERT INTO author_detail (author_id,book_id) VALUES (10, 23);
INSERT INTO author_detail (author_id,book_id) VALUES (11, 24);
INSERT INTO author_detail (author_id,book_id) VALUES (12, 24);
INSERT INTO author_detail (author_id,book_id) VALUES (13, 24);
INSERT INTO author_detail (author_id,book_id) VALUES (18, 25);
INSERT INTO author_detail (author_id,book_id) VALUES (18, 26);
INSERT INTO author_detail (author_id,book_id) VALUES (18, 27);
INSERT INTO author_detail (author_id,book_id) VALUES (20, 28);
INSERT INTO author_detail (author_id,book_id) VALUES (23, 29);
INSERT INTO author_detail (author_id,book_id) VALUES (24, 30);
INSERT INTO author_detail (author_id,book_id) VALUES (21, 31);
INSERT INTO author_detail (author_id,book_id) VALUES (19, 32);
INSERT INTO author_detail (author_id,book_id) VALUES (25, 33);
INSERT INTO author_detail (author_id,book_id) VALUES (26, 34);
INSERT INTO author_detail (author_id,book_id) VALUES (17, 35);
INSERT INTO author_detail (author_id,book_id) VALUES (22, 36);
INSERT INTO author_detail (author_id,book_id) VALUES (14, 37);
INSERT INTO author_detail (author_id,book_id) VALUES (15, 38);
INSERT INTO author_detail (author_id,book_id) VALUES (16, 39);
INSERT INTO author_detail (author_id,book_id) VALUES (9, 40);
insert into author_detail (author_id,book_id) VALUES (27, 41);
insert into author_detail (author_id,book_id) VALUES (28, 42);
insert into author_detail (author_id,book_id) VALUES (29, 43);
insert into author_detail (author_id,book_id) VALUES (30, 44);
insert into author_detail (author_id,book_id) VALUES (31, 45);
insert into author_detail (author_id,book_id) VALUES (32, 46);
insert into author_detail (author_id,book_id) VALUES (33, 47);
insert into author_detail (author_id,book_id) VALUES (34, 48);
insert into author_detail (author_id,book_id) VALUES (35, 49);
insert into author_detail (author_id,book_id) VALUES (36, 50);
insert into author_detail (author_id,book_id) VALUES (37, 51);
insert into author_detail (author_id,book_id) VALUES (38, 52);
insert into author_detail (author_id,book_id) VALUES (39, 53);
insert into author_detail (author_id,book_id) VALUES (40, 54);
insert into author_detail (author_id,book_id) VALUES (41, 55);

-- INSERT staff
insert into staff (staff_id, name, hire_date, dob, address, email, password, phone, position) values (1, 'Kathryne Rosingdall', '2019/05/07', '1996/01/11', '5631 Fallview Way', 'krosingdall0@cmu.edu', 'NGANKyRV', '3403269895', 'manager');
insert into staff (staff_id, name, hire_date, dob, address, email, password, phone, position) values (2, 'Filip Crimp', '2019/12/08', '1995/03/27', '861 Independence Center', 'fcrimp1@cpanel.net', 'Xb4mljSJ', '8573880116', 'cashier');
insert into staff (staff_id, name, hire_date, dob, address, email, password, phone, position) values (3, 'Ree Amer', '2020/01/22', '1992/02/05', '47 Hoffman Avenue', 'ramer2@about.com', 'CTuVucmqTz', '5088960232', 'cashier');
insert into staff (staff_id, name, hire_date, dob, address, email, password, phone, position) values (4, 'Flo Marmyon', '2020/05/25', '1998/12/02', '77 Kings Park', 'fmarmyon3@hhs.gov', 'px1QF3tpDMM', '6239229277', 'cashier');
insert into staff (staff_id, name, hire_date, dob, address, email, password, phone, position) values (5, 'Victor Steels', '2018/06/27', '1997/03/21', '12777 Chive Center', 'vsteels4@prnewswire.com', 'WziuuaxQ', '9219255760', 'cashier');
insert into staff (staff_id, name, hire_date, dob, address, email, password, phone, position) values (6, 'Frieda Cubbini', '2020/05/22', '1997/02/14', '973 Blaine Drive', 'fcubbini5@accuweather.com', 'aapOZsqwMwE', '2871304313', 'assistant');
insert into staff (staff_id, name, hire_date, dob, address, email, password, phone, position) values (7, 'Sher Kentwell', '2018/10/16', '1991/04/21', '910 Grayhawk Hill', 'skentwell6@mac.com', 'r9GMQXP', '3163508105', 'assistant');
insert into staff (staff_id, name, hire_date, dob, address, email, password, phone, position) values (8, 'Sergio Bolger', '2018/12/30', '1992/07/15', '015 Portage Street', 'sbolger7@mayoclinic.com', 'gWwLf7UC0y', '8136768834', 'assistant');
insert into staff (staff_id, name, hire_date, dob, address, email, password, phone, position) values (9, 'Myrna Stinton', '2019/08/28', '1994/01/12', '64 Rockefeller Alley', 'mstinton8@tinyurl.com', 'cztWtstCXWB', '1516004282', 'security');
insert into staff (staff_id, name, hire_date, dob, address, email, password, phone, position) values (10, 'Prisca McGowing', '2020/03/29', '1990/10/22', '2344 Amoth Junction', 'pmcgowing9@livejournal.com', 'qhh8ugLe', '9752365750', 'security');
insert into staff (staff_id, name, hire_date, dob, address, email, password, phone, position) values (11, 'Roxine Gotobed', '2018/11/15', '1993/11/02', '478 Lunder Point', 'rgotobeda@bloomberg.com', 'uFosKUHm', '2289829494', 'cleaner');
insert into staff (staff_id, name, hire_date, dob, address, email, password, phone, position) values (12, 'Franz Sand', '2018/07/29', '2000/02/07', '314 Dayton Parkway', 'fsandb@vinaora.com', 'oBLLUA', '6876662560', 'cleaner');

-- INSERT customer
insert into customer (customer_id, name, address, phone, email) values (1, 'Karlen Pablos', '1375 Sutteridge Hill', '1023242128', 'kpablos0@nymag.com');
insert into customer (customer_id, name, address, phone, email) values (2, 'Claudette Dowsey', '7645 Bartillon Junction', '5762584614', 'cdowsey1@nydailynews.com');
insert into customer (customer_id, name, address, phone, email) values (3, 'Loutitia Imesson', '78 Meadow Valley Parkway', '7729442420', 'limesson2@apple.com');
insert into customer (customer_id, name, address, phone, email) values (4, 'Raquel Jewitt', '91976 Fremont Way', '9738515815', 'rjewitt3@slideshare.net');
insert into customer (customer_id, name, address, phone, email) values (5, 'Bunny David', '42 Kennedy Crossing', '1981941092', 'bdavid4@examiner.com');
insert into customer (customer_id, name, address, phone, email) values (6, 'Marven Binstead', '5 Rutledge Point', '9592971517', 'mbinstead5@seattletimes.com');
insert into customer (customer_id, name, address, phone, email) values (7, 'Patrice Purselowe', '9697 Fieldstone Alley', '8252063263', 'ppurselowe6@go.com');
insert into customer (customer_id, name, address, phone, email) values (8, 'Chaddie Coronas', '54318 Mitchell Center', '4348164285', 'ccoronas7@linkedin.com');
insert into customer (customer_id, name, address, phone, email) values (9, 'Michal Duckhouse', '0 Spenser Crossing', '3723826702', 'mduckhouse8@kickstarter.com');
insert into customer (customer_id, name, address, phone, email) values (10, 'Karylin Hainey', '7 Manley Alley', '3243358747', 'khainey9@sciencedaily.com');
insert into customer (customer_id, name, address, phone, email) values (11, 'Ash Maidlow', '992 Logan Circle', '3356267919', 'amaidlowa@foxnews.com');
insert into customer (customer_id, name, address, phone, email) values (12, 'Correna Rodear', '02 Johnson Crossing', '7267715015', 'crodearb@ucsd.edu');
insert into customer (customer_id, name, address, phone, email) values (13, 'Anatollo Walshe', '0 Rigney Avenue', '1738912219', 'awalshec@sphinn.com');
insert into customer (customer_id, name, address, phone, email) values (14, 'Way Lamort', '48329 Bellgrove Court', '8602699555', 'wlamortd@ucoz.ru');
insert into customer (customer_id, name, address, phone, email) values (15, 'Salvatore Farley', '13804 7th Court', '6734578442', 'sfarleye@360.cn');
insert into customer (customer_id, name, address, phone, email) values (16, 'Valeria Cheley', '7 Gerald Center', '9048761126', 'vcheleyf@exblog.jp');
insert into customer (customer_id, name, address, phone, email) values (17, 'Garald Goodliff', '41 Stephen Park', '7337692771', 'ggoodliffg@purevolume.com');
insert into customer (customer_id, name, address, phone, email) values (18, 'Gladys Aime', '758 Hauk Crossing', '7871651309', 'gaimeh@admin.ch');
insert into customer (customer_id, name, address, phone, email) values (19, 'Ruth Klimowski', '13 Twin Pines Road', '8042533372', 'rklimowskii@zdnet.com');
insert into customer (customer_id, name, address, phone, email) values (20, 'Nels Pavie', '8 Mccormick Circle', '7835450745', 'npaviej@opera.com');
insert into customer (customer_id, name, address, phone, email) values (21, 'Darell Whittet', '4706 Hanover Alley', '2812077182', 'dwhittetk@nps.gov');
insert into customer (customer_id, name, address, phone, email) values (22, 'Jim Feake', '7063 Esch Center', '8926478663', 'jfeakel@nationalgeographic.com');
insert into customer (customer_id, name, address, phone, email) values (23, 'Happy Skelton', '9653 Schurz Plaza', '9441653169', 'hskeltonm@psu.edu');
insert into customer (customer_id, name, address, phone, email) values (24, 'Tally Buckler', '052 Morning Street', '7737392017', 'tbucklern@goo.ne.jp');
insert into customer (customer_id, name, address, phone, email) values (25, 'Davina Grote', '5898 Commercial Pass', '4281801861', 'dgroteo@drupal.org');
insert into customer (customer_id, name, address, phone, email) values (26, 'Archibold Del Checolo', '33537 Dennis Street', '8831660076', 'adelp@list-manage.com');
insert into customer (customer_id, name, address, phone, email) values (27, 'Tallou Madle', '26150 La Follette Place', '1665223978', 'tmadleq@mlb.com');
insert into customer (customer_id, name, address, phone, email) values (28, 'Rozalin Lehrmann', '2 Reinke Junction', '4799138644', 'rlehrmannr@dion.ne.jp');
insert into customer (customer_id, name, address, phone, email) values (29, 'Goldia Arundel', '07 School Circle', '4794428297', 'garundels@webnode.com');
insert into customer (customer_id, name, address, phone, email) values (30, 'Floria Syphus', '1 Birchwood Way', '2352231084', 'fsyphust@freewebs.com');
insert into customer (customer_id, name, address, phone, email) values (31, 'Winn Frantsev', '5 Mallory Avenue', '8576249533', 'wfrantsevu@taobao.com');
insert into customer (customer_id, name, address, phone, email) values (32, 'Warde Servis', '30 Shoshone Terrace', '8342611595', 'wservisv@fotki.com');
insert into customer (customer_id, name, address, phone, email) values (33, 'Ardath Reinhard', '908 Buena Vista Alley', '9188836103', 'areinhardw@facebook.com');
insert into customer (customer_id, name, address, phone, email) values (34, 'Dyna Ruppeli', '8685 Oak Valley Avenue', '9934307595', 'druppelix@un.org');
insert into customer (customer_id, name, address, phone, email) values (35, 'Archibald Twinning', '3 Katie Terrace', '7509814252', 'atwinningy@apache.org');
insert into customer (customer_id, name, address, phone, email) values (36, 'Clarine Brokenbrow', '00 Summit Avenue', '4075774380', 'cbrokenbrowz@sciencedaily.com');
insert into customer (customer_id, name, address, phone, email) values (37, 'Jeniffer Gibling', '218 Delladonna Center', '5674141996', 'jgibling10@ihg.com');
insert into customer (customer_id, name, address, phone, email) values (38, 'Ricardo Fullagar', '30196 Truax Court', '1026765527', 'rfullagar11@discuz.net');
insert into customer (customer_id, name, address, phone, email) values (39, 'Elsi Jeary', '8199 Boyd Crossing', '9227270621', 'ejeary12@issuu.com');
insert into customer (customer_id, name, address, phone, email) values (40, 'Dexter Kirley', '1 Stephen Alley', '2989577223', 'dkirley13@reddit.com');
insert into customer (customer_id, name, address, phone, email) values (41, 'Susan Jills', '4 Shopko Avenue', '4843028509', 'sjills14@intel.com');
insert into customer (customer_id, name, address, phone, email) values (42, 'Xylia Cranstone', '19 Washington Hill', '2773505643', 'xcranstone15@blogs.com');
insert into customer (customer_id, name, address, phone, email) values (43, 'Jasmin Riba', '57 Old Gate Alley', '5757932327', 'jriba16@bbb.org');
insert into customer (customer_id, name, address, phone, email) values (44, 'Myrtia Orpin', '9045 Jackson Crossing', '4596790365', 'morpin17@gov.uk');
insert into customer (customer_id, name, address, phone, email) values (45, 'Gratia Grisewood', '6 Anhalt Way', '1028182079', 'ggrisewood18@bloomberg.com');
insert into customer (customer_id, name, address, phone, email) values (46, 'Claresta Cowitz', '7873 Moulton Parkway', '1938208165', 'ccowitz19@yahoo.com');
insert into customer (customer_id, name, address, phone, email) values (47, 'Arielle Losano', '5 Blue Bill Park Junction', '9408660294', 'alosano1a@addtoany.com');
insert into customer (customer_id, name, address, phone, email) values (48, 'Mozes Towlson', '33443 Gulseth Lane', '1186407907', 'mtowlson1b@360.cn');
insert into customer (customer_id, name, address, phone, email) values (49, 'Robby Weldrake', '19258 8th Street', '6126762406', 'rweldrake1c@nyu.edu');
insert into customer (customer_id, name, address, phone, email) values (50, 'Manny Reeman', '1 Grim Crossing', '6684271052', 'mreeman1d@webmd.com');

-- INSERT ORDER
insert into orders(order_id, customer_id, staff_id, order_date, total_bill) values (1, 6, 4, '2019/01/24', 0);
insert into orders(order_id, customer_id, staff_id, order_date, total_bill) values (2, 10, 5, '2019/07/25', 0);
insert into orders(order_id, customer_id, staff_id, order_date, total_bill) values (3, 34, 2, '2019/08/04', 0);
insert into orders(order_id, customer_id, staff_id, order_date, total_bill) values (4, 14, 2, '2020/01/28', 0);
insert into orders(order_id, customer_id, staff_id, order_date, total_bill) values (5, 46, 5, '2019/04/12', 0);
insert into orders(order_id, customer_id, staff_id, order_date, total_bill) values (6, 7, 5, '2019/07/06', 0);
insert into orders(order_id, customer_id, staff_id, order_date, total_bill) values (7, 37, 3, '2019/06/17', 0);
insert into orders(order_id, customer_id, staff_id, order_date, total_bill) values (8, 33, 3, '2019/05/13', 0);
insert into orders(order_id, customer_id, staff_id, order_date, total_bill) values (9, 39, 3, '2018/11/13', 0);
insert into orders(order_id, customer_id, staff_id, order_date, total_bill) values (10, 6, 2, '2020/03/06', 0);
insert into orders(order_id, customer_id, staff_id, order_date, total_bill) values (11, 34, 3, '2019/03/20', 0);
insert into orders(order_id, customer_id, staff_id, order_date, total_bill) values (12, 33, 2, '2019/06/21', 0);
insert into orders(order_id, customer_id, staff_id, order_date, total_bill) values (13, 9, 5, '2018/10/31', 0);
insert into orders(order_id, customer_id, staff_id, order_date, total_bill) values (14, 14, 2, '2020/05/17', 0);
insert into orders(order_id, customer_id, staff_id, order_date, total_bill) values (15, 16, 4, '2019/10/27', 0);
insert into orders(order_id, customer_id, staff_id, order_date, total_bill) values (16, 41, 4, '2019/08/14', 0);
insert into orders(order_id, customer_id, staff_id, order_date, total_bill) values (17, 36, 2, '2019/11/13', 0);
insert into orders(order_id, customer_id, staff_id, order_date, total_bill) values (18, 44, 3, '2018/11/26', 0);
insert into orders(order_id, customer_id, staff_id, order_date, total_bill) values (19, 14, 5, '2019/11/05', 0);
insert into orders(order_id, customer_id, staff_id, order_date, total_bill) values (20, 14, 4, '2019/06/27', 0);
insert into orders(order_id, customer_id, staff_id, order_date, total_bill) values (21, 29, 2, '2019/04/20', 0);
insert into orders(order_id, customer_id, staff_id, order_date, total_bill) values (22, 29, 4, '2019/09/23', 0);
insert into orders(order_id, customer_id, staff_id, order_date, total_bill) values (23, 13, 4, '2020/05/22', 0);
insert into orders(order_id, customer_id, staff_id, order_date, total_bill) values (24, 17, 5, '2018/11/03', 0);
insert into orders(order_id, customer_id, staff_id, order_date, total_bill) values (25, 27, 5, '2019/09/10', 0);
insert into orders(order_id, customer_id, staff_id, order_date, total_bill) values (26, 36, 2, '2020/02/16', 0);
insert into orders(order_id, customer_id, staff_id, order_date, total_bill) values (27, 30, 3, '2019/02/01', 0);
insert into orders(order_id, customer_id, staff_id, order_date, total_bill) values (28, 42, 5, '2019/03/15', 0);
insert into orders(order_id, customer_id, staff_id, order_date, total_bill) values (29, 11, 4, '2019/11/16', 0);
insert into orders(order_id, customer_id, staff_id, order_date, total_bill) values (30, 42, 3, '2019/06/29', 0);
insert into orders(order_id, customer_id, staff_id, order_date, total_bill) values (31, 46, 4, '2020/02/11', 0);
insert into orders(order_id, customer_id, staff_id, order_date, total_bill) values (32, 16, 3, '2019/03/12', 0);
insert into orders(order_id, customer_id, staff_id, order_date, total_bill) values (33, 19, 4, '2019/01/21', 0);
insert into orders(order_id, customer_id, staff_id, order_date, total_bill) values (34, 42, 5, '2019/05/17', 0);
insert into orders(order_id, customer_id, staff_id, order_date, total_bill) values (35, 34, 3, '2019/10/19', 0);
insert into orders(order_id, customer_id, staff_id, order_date, total_bill) values (36, 25, 4, '2018/12/08', 0);
insert into orders(order_id, customer_id, staff_id, order_date, total_bill) values (37, 44, 2, '2019/11/20', 0);
insert into orders(order_id, customer_id, staff_id, order_date, total_bill) values (38, 44, 5, '2019/08/19', 0);
insert into orders(order_id, customer_id, staff_id, order_date, total_bill) values (39, 41, 2, '2018/12/29', 0);
insert into orders(order_id, customer_id, staff_id, order_date, total_bill) values (40, 38, 4, '2019/03/14', 0);
insert into orders(order_id, customer_id, staff_id, order_date, total_bill) values (41, 27, 5, '2020/02/16', 0);
insert into orders(order_id, customer_id, staff_id, order_date, total_bill) values (42, 13, 5, '2019/08/14', 0);
insert into orders(order_id, customer_id, staff_id, order_date, total_bill) values (43, 24, 3, '2020/05/10', 0);
insert into orders(order_id, customer_id, staff_id, order_date, total_bill) values (44, 25, 3, '2019/07/12', 0);
insert into orders(order_id, customer_id, staff_id, order_date, total_bill) values (45, 28, 4, '2019/08/26', 0);
insert into orders(order_id, customer_id, staff_id, order_date, total_bill) values (46, 21, 2, '2019/10/11', 0);
insert into orders(order_id, customer_id, staff_id, order_date, total_bill) values (47, 11, 5, '2020/02/15', 0);
insert into orders(order_id, customer_id, staff_id, order_date, total_bill) values (48, 42, 4, '2018/12/05', 0);
insert into orders(order_id, customer_id, staff_id, order_date, total_bill) values (49, 40, 5, '2019/12/24', 0);
insert into orders(order_id, customer_id, staff_id, order_date, total_bill) values (50, 29, 2, '2019/07/24', 0);
insert into orders(order_id, customer_id, staff_id, order_date, total_bill) values (51, 44, 4, '2019/03/27', 0);
insert into orders(order_id, customer_id, staff_id, order_date, total_bill) values (52, 28, 2, '2019/05/11', 0);
insert into orders(order_id, customer_id, staff_id, order_date, total_bill) values (53, 25, 5, '2020/04/12', 0);
insert into orders(order_id, customer_id, staff_id, order_date, total_bill) values (54, 30, 3, '2019/10/12', 0);
insert into orders(order_id, customer_id, staff_id, order_date, total_bill) values (55, 9, 5, '2019/08/21', 0);
insert into orders(order_id, customer_id, staff_id, order_date, total_bill) values (56, 17, 2, '2019/12/19', 0);
insert into orders(order_id, customer_id, staff_id, order_date, total_bill) values (57, 37, 5, '2018/10/06', 0);
insert into orders(order_id, customer_id, staff_id, order_date, total_bill) values (58, 45, 4, '2019/11/30', 0);
insert into orders(order_id, customer_id, staff_id, order_date, total_bill) values (59, 49, 3, '2019/05/22', 0);
insert into orders(order_id, customer_id, staff_id, order_date, total_bill) values (60, 12, 2, '2018/12/25', 0);
insert into orders(order_id, customer_id, staff_id, order_date, total_bill) values (61, 1, 5, '2020/04/02', 0);
insert into orders(order_id, customer_id, staff_id, order_date, total_bill) values (62, 39, 4, '2019/04/10', 0);
insert into orders(order_id, customer_id, staff_id, order_date, total_bill) values (63, 3, 2, '2019/04/20', 0);
insert into orders(order_id, customer_id, staff_id, order_date, total_bill) values (64, 1, 4, '2018/12/12', 0);
insert into orders(order_id, customer_id, staff_id, order_date, total_bill) values (65, 28, 3, '2019/04/07', 0);
insert into orders(order_id, customer_id, staff_id, order_date, total_bill) values (66, 39, 4, '2019/09/20', 0);
insert into orders(order_id, customer_id, staff_id, order_date, total_bill) values (67, 6, 4, '2019/11/24', 0);
insert into orders(order_id, customer_id, staff_id, order_date, total_bill) values (68, 45, 3, '2020/04/23', 0);
insert into orders(order_id, customer_id, staff_id, order_date, total_bill) values (69, 37, 2, '2019/04/05', 0);
insert into orders(order_id, customer_id, staff_id, order_date, total_bill) values (70, 22, 4, '2018/11/08', 0);
insert into orders(order_id, customer_id, staff_id, order_date, total_bill) values (71, 24, 3, '2019/10/04', 0);
insert into orders(order_id, customer_id, staff_id, order_date, total_bill) values (72, 31, 3, '2018/11/09', 0);
insert into orders(order_id, customer_id, staff_id, order_date, total_bill) values (73, 46, 4, '2019/08/19', 0);
insert into orders(order_id, customer_id, staff_id, order_date, total_bill) values (74, 2, 3, '2020/01/11', 0);
insert into orders(order_id, customer_id, staff_id, order_date, total_bill) values (75, 13, 2, '2019/08/16', 0);
insert into orders(order_id, customer_id, staff_id, order_date, total_bill) values (76, 49, 5, '2019/06/29', 0);
insert into orders(order_id, customer_id, staff_id, order_date, total_bill) values (77, 45, 4, '2020/02/16', 0);
insert into orders(order_id, customer_id, staff_id, order_date, total_bill) values (78, 43, 5, '2020/02/19', 0);
insert into orders(order_id, customer_id, staff_id, order_date, total_bill) values (79, 26, 3, '2019/02/06', 0);
insert into orders(order_id, customer_id, staff_id, order_date, total_bill) values (80, 43, 5, '2020/03/16', 0);
insert into orders(order_id, customer_id, staff_id, order_date, total_bill) values (81, 41, 4, '2019/05/26', 0);
insert into orders(order_id, customer_id, staff_id, order_date, total_bill) values (82, 45, 3, '2020/05/02', 0);
insert into orders(order_id, customer_id, staff_id, order_date, total_bill) values (83, 9, 4, '2019/10/09', 0);
insert into orders(order_id, customer_id, staff_id, order_date, total_bill) values (84, 10, 4, '2019/10/21', 0);
insert into orders(order_id, customer_id, staff_id, order_date, total_bill) values (85, 6, 4, '2020/03/16', 0);
insert into orders(order_id, customer_id, staff_id, order_date, total_bill) values (86, 44, 2, '2020/04/24', 0);
insert into orders(order_id, customer_id, staff_id, order_date, total_bill) values (87, 34, 4, '2019/11/11', 0);
insert into orders(order_id, customer_id, staff_id, order_date, total_bill) values (88, 21, 3, '2019/05/24', 0);
insert into orders(order_id, customer_id, staff_id, order_date, total_bill) values (89, 44, 2, '2020/01/13', 0);
insert into orders(order_id, customer_id, staff_id, order_date, total_bill) values (90, 11, 2, '2019/11/01', 0);
insert into orders(order_id, customer_id, staff_id, order_date, total_bill) values (91, 10, 5, '2020/04/18', 0);
insert into orders(order_id, customer_id, staff_id, order_date, total_bill) values (92, 28, 3, '2019/11/28', 0);
insert into orders(order_id, customer_id, staff_id, order_date, total_bill) values (93, 21, 5, '2018/10/13', 0);
insert into orders(order_id, customer_id, staff_id, order_date, total_bill) values (94, 36, 2, '2020/01/30', 0);
insert into orders(order_id, customer_id, staff_id, order_date, total_bill) values (95, 16, 2, '2020/05/25', 0);
insert into orders(order_id, customer_id, staff_id, order_date, total_bill) values (96, 3, 3, '2019/09/19', 0);
insert into orders(order_id, customer_id, staff_id, order_date, total_bill) values (97, 39, 5, '2020/03/17', 0);
insert into orders(order_id, customer_id, staff_id, order_date, total_bill) values (98, 19, 5, '2019/01/29', 0);
insert into orders(order_id, customer_id, staff_id, order_date, total_bill) values (99, 21, 3, '2019/09/23', 0);
insert into orders(order_id, customer_id, staff_id, order_date, total_bill) values (100, 15, 3, '2018/12/28', 0); orders

-- INSERT ORDER DETAILS
insert into order_detail (book_id, order_id, quantity) values (46, 1, 1);
insert into order_detail (book_id, order_id, quantity) values (34, 2, 3);
insert into order_detail (book_id, order_id, quantity) values (37, 3, 3);
insert into order_detail (book_id, order_id, quantity) values (43, 4, 3);
insert into order_detail (book_id, order_id, quantity) values (54, 5, 1);
insert into order_detail (book_id, order_id, quantity) values (29, 6, 1);
insert into order_detail (book_id, order_id, quantity) values (47, 7, 2);
insert into order_detail (book_id, order_id, quantity) values (35, 8, 2);
insert into order_detail (book_id, order_id, quantity) values (16, 9, 3);
insert into order_detail (book_id, order_id, quantity) values (4, 10, 3);
insert into order_detail (book_id, order_id, quantity) values (37, 11, 3);
insert into order_detail (book_id, order_id, quantity) values (40, 12, 1);
insert into order_detail (book_id, order_id, quantity) values (40, 13, 1);
insert into order_detail (book_id, order_id, quantity) values (43, 14, 2);
insert into order_detail (book_id, order_id, quantity) values (18, 15, 2);
insert into order_detail (book_id, order_id, quantity) values (49, 16, 3);
insert into order_detail (book_id, order_id, quantity) values (10, 17, 3);
insert into order_detail (book_id, order_id, quantity) values (28, 18, 2);
insert into order_detail (book_id, order_id, quantity) values (13, 19, 3);
insert into order_detail (book_id, order_id, quantity) values (2, 20, 3);
insert into order_detail (book_id, order_id, quantity) values (54, 21, 3);
insert into order_detail (book_id, order_id, quantity) values (7, 22, 3);
insert into order_detail (book_id, order_id, quantity) values (32, 23, 1);
insert into order_detail (book_id, order_id, quantity) values (4, 24, 1);
insert into order_detail (book_id, order_id, quantity) values (22, 25, 3);
insert into order_detail (book_id, order_id, quantity) values (43, 26, 3);
insert into order_detail (book_id, order_id, quantity) values (6, 27, 3);
insert into order_detail (book_id, order_id, quantity) values (4, 28, 3);
insert into order_detail (book_id, order_id, quantity) values (38, 29, 3);
insert into order_detail (book_id, order_id, quantity) values (1, 30, 3);
insert into order_detail (book_id, order_id, quantity) values (49, 31, 2);
insert into order_detail (book_id, order_id, quantity) values (5, 32, 3);
insert into order_detail (book_id, order_id, quantity) values (25, 33, 2);
insert into order_detail (book_id, order_id, quantity) values (16, 34, 3);
insert into order_detail (book_id, order_id, quantity) values (27, 35, 3);
insert into order_detail (book_id, order_id, quantity) values (6, 36, 2);
insert into order_detail (book_id, order_id, quantity) values (26, 37, 1);
insert into order_detail (book_id, order_id, quantity) values (29, 38, 3);
insert into order_detail (book_id, order_id, quantity) values (1, 39, 2);
insert into order_detail (book_id, order_id, quantity) values (13, 40, 1);
insert into order_detail (book_id, order_id, quantity) values (22, 41, 2);
insert into order_detail (book_id, order_id, quantity) values (36, 42, 3);
insert into order_detail (book_id, order_id, quantity) values (3, 43, 1);
insert into order_detail (book_id, order_id, quantity) values (31, 44, 2);
insert into order_detail (book_id, order_id, quantity) values (5, 45, 2);
insert into order_detail (book_id, order_id, quantity) values (36, 46, 2);
insert into order_detail (book_id, order_id, quantity) values (47, 47, 2);
insert into order_detail (book_id, order_id, quantity) values (40, 48, 3);
insert into order_detail (book_id, order_id, quantity) values (31, 49, 1);
insert into order_detail (book_id, order_id, quantity) values (16, 50, 2);
insert into order_detail (book_id, order_id, quantity) values (34, 51, 1);
insert into order_detail (book_id, order_id, quantity) values (24, 52, 2);
insert into order_detail (book_id, order_id, quantity) values (42, 53, 3);
insert into order_detail (book_id, order_id, quantity) values (32, 54, 2);
insert into order_detail (book_id, order_id, quantity) values (2, 55, 3);
insert into order_detail (book_id, order_id, quantity) values (46, 56, 2);
insert into order_detail (book_id, order_id, quantity) values (2, 57, 2);
insert into order_detail (book_id, order_id, quantity) values (1, 58, 1);
insert into order_detail (book_id, order_id, quantity) values (11, 59, 2);
insert into order_detail (book_id, order_id, quantity) values (50, 60, 1);
insert into order_detail (book_id, order_id, quantity) values (24, 61, 2);
insert into order_detail (book_id, order_id, quantity) values (36, 62, 3);
insert into order_detail (book_id, order_id, quantity) values (24, 63, 2);
insert into order_detail (book_id, order_id, quantity) values (14, 64, 1);
insert into order_detail (book_id, order_id, quantity) values (11, 65, 1);
insert into order_detail (book_id, order_id, quantity) values (2, 66, 2);
insert into order_detail (book_id, order_id, quantity) values (29, 67, 2);
insert into order_detail (book_id, order_id, quantity) values (23, 68, 3);
insert into order_detail (book_id, order_id, quantity) values (53, 69, 2);
insert into order_detail (book_id, order_id, quantity) values (6, 70, 1);
insert into order_detail (book_id, order_id, quantity) values (53, 71, 3);
insert into order_detail (book_id, order_id, quantity) values (46, 72, 3);
insert into order_detail (book_id, order_id, quantity) values (21, 73, 3);
insert into order_detail (book_id, order_id, quantity) values (11, 74, 1);
insert into order_detail (book_id, order_id, quantity) values (1, 75, 1);
insert into order_detail (book_id, order_id, quantity) values (53, 76, 3);
insert into order_detail (book_id, order_id, quantity) values (27, 77, 3);
insert into order_detail (book_id, order_id, quantity) values (51, 78, 3);
insert into order_detail (book_id, order_id, quantity) values (44, 79, 2);
insert into order_detail (book_id, order_id, quantity) values (42, 80, 3);
insert into order_detail (book_id, order_id, quantity) values (36, 81, 3);
insert into order_detail (book_id, order_id, quantity) values (29, 82, 3);
insert into order_detail (book_id, order_id, quantity) values (25, 83, 2);
insert into order_detail (book_id, order_id, quantity) values (20, 84, 3);
insert into order_detail (book_id, order_id, quantity) values (47, 85, 1);
insert into order_detail (book_id, order_id, quantity) values (7, 86, 3);
insert into order_detail (book_id, order_id, quantity) values (1, 87, 3);
insert into order_detail (book_id, order_id, quantity) values (9, 88, 2);
insert into order_detail (book_id, order_id, quantity) values (48, 89, 3);
insert into order_detail (book_id, order_id, quantity) values (33, 90, 2);
insert into order_detail (book_id, order_id, quantity) values (15, 91, 1);
insert into order_detail (book_id, order_id, quantity) values (41, 92, 3);
insert into order_detail (book_id, order_id, quantity) values (11, 93, 1);
insert into order_detail (book_id, order_id, quantity) values (34, 94, 3);
insert into order_detail (book_id, order_id, quantity) values (49, 95, 3);
insert into order_detail (book_id, order_id, quantity) values (50, 96, 1);
insert into order_detail (book_id, order_id, quantity) values (41, 97, 1);
insert into order_detail (book_id, order_id, quantity) values (17, 98, 2);
insert into order_detail (book_id, order_id, quantity) values (27, 99, 3);
insert into order_detail (book_id, order_id, quantity) values (14, 100, 2);
insert into order_detail (book_id, order_id, quantity) values (11, 89, 1);
insert into order_detail (book_id, order_id, quantity) values (34, 59, 2);
insert into order_detail (book_id, order_id, quantity) values (37, 31, 2);
insert into order_detail (book_id, order_id, quantity) values (15, 6, 3);
insert into order_detail (book_id, order_id, quantity) values (25, 76, 1);
insert into order_detail (book_id, order_id, quantity) values (22, 43, 1);
insert into order_detail (book_id, order_id, quantity) values (50, 75, 2);
insert into order_detail (book_id, order_id, quantity) values (15, 33, 3);
insert into order_detail (book_id, order_id, quantity) values (43, 61, 2);
insert into order_detail (book_id, order_id, quantity) values (50, 78, 3);
insert into order_detail (book_id, order_id, quantity) values (38, 64, 2);
insert into order_detail (book_id, order_id, quantity) values (13, 77, 2);
insert into order_detail (book_id, order_id, quantity) values (26, 48, 2);
insert into order_detail (book_id, order_id, quantity) values (49, 51, 1);
insert into order_detail (book_id, order_id, quantity) values (38, 87, 2);
insert into order_detail (book_id, order_id, quantity) values (29, 55, 2);
insert into order_detail (book_id, order_id, quantity) values (37, 2, 2);
insert into order_detail (book_id, order_id, quantity) values (36, 68, 3);
insert into order_detail (book_id, order_id, quantity) values (15, 67, 2);
insert into order_detail (book_id, order_id, quantity) values (50, 20, 2);
insert into order_detail (book_id, order_id, quantity) values (6, 93, 1);
insert into order_detail (book_id, order_id, quantity) values (41, 55, 2);
insert into order_detail (book_id, order_id, quantity) values (46, 59, 3);
insert into order_detail (book_id, order_id, quantity) values (5, 20, 3);
insert into order_detail (book_id, order_id, quantity) values (50, 36, 2);
insert into order_detail (book_id, order_id, quantity) values (21, 9, 2);
insert into order_detail (book_id, order_id, quantity) values (36, 39, 3);
insert into order_detail (book_id, order_id, quantity) values (32, 92, 3);
insert into order_detail (book_id, order_id, quantity) values (26, 40, 2);
insert into order_detail (book_id, order_id, quantity) values (42, 37, 2);
insert into order_detail (book_id, order_id, quantity) values (28, 49, 3);
insert into order_detail (book_id, order_id, quantity) values (35, 97, 2);
insert into order_detail (book_id, order_id, quantity) values (26, 79, 2);
insert into order_detail (book_id, order_id, quantity) values (4, 33, 3);
insert into order_detail (book_id, order_id, quantity) values (23, 85, 1);
insert into order_detail (book_id, order_id, quantity) values (22, 51, 1);
insert into order_detail (book_id, order_id, quantity) values (26, 72, 2);
insert into order_detail (book_id, order_id, quantity) values (29, 88, 3);
insert into order_detail (book_id, order_id, quantity) values (35, 72, 1);
insert into order_detail (book_id, order_id, quantity) values (5, 59, 3);
insert into order_detail (book_id, order_id, quantity) values (30, 35, 1);
insert into order_detail (book_id, order_id, quantity) values (31, 88, 3);
insert into order_detail (book_id, order_id, quantity) values (12, 29, 3);
insert into order_detail (book_id, order_id, quantity) values (44, 80, 3);
insert into order_detail (book_id, order_id, quantity) values (9, 50, 3);
insert into order_detail (book_id, order_id, quantity) values (11, 8, 1);
insert into order_detail (book_id, order_id, quantity) values (14, 91, 1);
insert into order_detail (book_id, order_id, quantity) values (6, 79, 3);
insert into order_detail (book_id, order_id, quantity) values (29, 83, 2);
insert into order_detail (book_id, order_id, quantity) values (51, 36, 2);
insert into order_detail (book_id, order_id, quantity) values (1, 53, 2);
insert into order_detail (book_id, order_id, quantity) values (54, 5, 3);
insert into order_detail (book_id, order_id, quantity) values (10, 48, 2);
insert into order_detail (book_id, order_id, quantity) values (7, 44, 3);
insert into order_detail (book_id, order_id, quantity) values (35, 89, 1);
insert into order_detail (book_id, order_id, quantity) values (41, 33, 1);
insert into order_detail (book_id, order_id, quantity) values (10, 57, 1);
insert into order_detail (book_id, order_id, quantity) values (33, 78, 2);
insert into order_detail (book_id, order_id, quantity) values (32, 15, 1);
insert into order_detail (book_id, order_id, quantity) values (33, 19, 1);
insert into order_detail (book_id, order_id, quantity) values (15, 11, 1);
insert into order_detail (book_id, order_id, quantity) values (30, 35, 3);
insert into order_detail (book_id, order_id, quantity) values (49, 84, 3);
insert into order_detail (book_id, order_id, quantity) values (11, 63, 1);
insert into order_detail (book_id, order_id, quantity) values (1, 66, 2);
insert into order_detail (book_id, order_id, quantity) values (17, 11, 1);
insert into order_detail (book_id, order_id, quantity) values (50, 24, 2);
insert into order_detail (book_id, order_id, quantity) values (20, 67, 1);
insert into order_detail (book_id, order_id, quantity) values (54, 55, 3);
insert into order_detail (book_id, order_id, quantity) values (48, 62, 1);
insert into order_detail (book_id, order_id, quantity) values (26, 26, 2);
insert into order_detail (book_id, order_id, quantity) values (41, 23, 2);
insert into order_detail (book_id, order_id, quantity) values (10, 84, 1);
insert into order_detail (book_id, order_id, quantity) values (23, 14, 3);
insert into order_detail (book_id, order_id, quantity) values (24, 31, 2);
insert into order_detail (book_id, order_id, quantity) values (30, 66, 2);
insert into order_detail (book_id, order_id, quantity) values (40, 89, 1);
insert into order_detail (book_id, order_id, quantity) values (35, 53, 3);
insert into order_detail (book_id, order_id, quantity) values (41, 67, 2);
insert into order_detail (book_id, order_id, quantity) values (30, 78, 3);
insert into order_detail (book_id, order_id, quantity) values (22, 81, 2);
insert into order_detail (book_id, order_id, quantity) values (20, 48, 2);
insert into order_detail (book_id, order_id, quantity) values (30, 3, 1);
insert into order_detail (book_id, order_id, quantity) values (24, 45, 1);
insert into order_detail (book_id, order_id, quantity) values (3, 98, 1);
insert into order_detail (book_id, order_id, quantity) values (44, 33, 3);
insert into order_detail (book_id, order_id, quantity) values (17, 20, 3);
insert into order_detail (book_id, order_id, quantity) values (48, 74, 1);
insert into order_detail (book_id, order_id, quantity) values (15, 21, 3);
insert into order_detail (book_id, order_id, quantity) values (12, 49, 3);
insert into order_detail (book_id, order_id, quantity) values (36, 21, 1);
insert into order_detail (book_id, order_id, quantity) values (46, 45, 1);
insert into order_detail (book_id, order_id, quantity) values (36, 78, 1);
insert into order_detail (book_id, order_id, quantity) values (16, 71, 2);
insert into order_detail (book_id, order_id, quantity) values (45, 2, 3);
insert into order_detail (book_id, order_id, quantity) values (16, 39, 2);
insert into order_detail (book_id, order_id, quantity) values (6, 50, 3);
insert into order_detail (book_id, order_id, quantity) values (50, 34, 1);
insert into order_detail (book_id, order_id, quantity) values (21, 35, 3);
insert into order_detail (book_id, order_id, quantity) values (21, 42, 2);


