-- INSERT publisher --------------
INSERT INTO bookstoredb.publisher (publisher_id, name, address) VALUES (1, 'NXB Trẻ', '161B Lý Chinh Thắng, TP Hồ Chí Minh');
INSERT INTO bookstoredb.publisher (publisher_id, name, address) VALUES (2, 'Giáo Dục', '81 Trần Hưng Đạo, Hà Nội');
INSERT INTO bookstoredb.publisher (publisher_id, name, address) VALUES (3, 'Trí Thức', '45 Nguyễn Du, Hà Nội');
INSERT INTO bookstoredb.publisher (publisher_id, name, address) VALUES (4, 'Phụ Nữ', '39 Hàng Chuối, Hà Nội');
INSERT INTO bookstoredb.publisher (publisher_id, name, address) VALUES (5, 'Kim Đồng', '55 Quang Trung, Hà Nội');
INSERT INTO bookstoredb.publisher (publisher_id, name, address) VALUES (6, 'Lao Động', '175 Giảng Võ, Hà Nội');
INSERT INTO bookstoredb.publisher (publisher_id, name, address) VALUES (7, 'Mỹ Thuật', '44B Hàm Long, Hà Nội');
INSERT INTO bookstoredb.publisher (publisher_id, name, address) VALUES (8, 'NXB Hà Nội', '4 Tống Duy Tân, Hà Nội');
INSERT INTO bookstoredb.publisher (publisher_id, name, address) VALUES (9, 'NXB TP Hồ Chí Minh', '62 Nguyễn Thị Minh Khai, TP Hồ Chí Minh');
INSERT INTO bookstoredb.publisher (publisher_id, name, address) VALUES (10, 'Thanh Niên', '62 Bà Triệu, Hà Nội');
INSERT INTO bookstoredb.publisher (publisher_id, name, address) VALUES (11, 'Thế Giới', '46 Trần Hưng Đạo, Hà Nội');
INSERT INTO bookstoredb.publisher (publisher_id, name, address) VALUES (12, 'Văn Học', '18 Nguyễn Trường Tộ, Hà Nội');
INSERT INTO bookstoredb.publisher (publisher_id, name, address) VALUES (13, 'Hội Nhà Văn', '65 Nguyễn Du, Hà Nội');
INSERT INTO bookstoredb.publisher (publisher_id, name, address) VALUES (14, 'Tư Pháp', '35 Trần Quốc Toản, Hà Nội');
INSERT INTO bookstoredb.publisher (publisher_id, name, address) VALUES (15, 'Giao Thông Vận Tải', '80B Trần Hưng Đạo, Hà Nội');

-- INSERT book --------------
INSERT INTO bookstoredb.book (book_id, title, price, inventory_qty, publisher_id) VALUES (1, 'Inferno', 142000, 204, 1);
INSERT INTO bookstoredb.book (book_id, title, price, inventory_qty, publisher_id) VALUES (2, 'Deception Point', 148000, 198, 2);
INSERT INTO bookstoredb.book (book_id, title, price, inventory_qty, publisher_id) VALUES (3, 'Sherlock Holmes - Part 1', 82000, 150, 3);
INSERT INTO bookstoredb.book (book_id, title, price, inventory_qty, publisher_id) VALUES (4, 'Sherlock Holmes - Part 2', 83000, 150, 4);
INSERT INTO bookstoredb.book (book_id, title, price, inventory_qty, publisher_id) VALUES (5, 'Sherlock Holmes - Part 3', 82000, 150, 5);
INSERT INTO bookstoredb.book (book_id, title, price, inventory_qty, publisher_id) VALUES (6, 'A Game Of Thrones', 199000, 200, 6);
INSERT INTO bookstoredb.book (book_id, title, price, inventory_qty, publisher_id) VALUES (7, 'Fire & Blood', 411000, 200, 7);
INSERT INTO bookstoredb.book (book_id, title, price, inventory_qty, publisher_id) VALUES (8, 'A Song of Ice and Fire: A Knight Of The Seven Kingdoms', 141000, 200, 8);
INSERT INTO bookstoredb.book (book_id, title, price, inventory_qty, publisher_id) VALUES (9, 'A Storm Of Swords 2: Blood And Gold', 339000, 200, 9);
INSERT INTO bookstoredb.book (book_id, title, price, inventory_qty, publisher_id) VALUES (10, 'A Feast For Crows', 126000, 200, 10);
INSERT INTO bookstoredb.book (book_id, title, price, inventory_qty, publisher_id) VALUES (11, 'Wordsworth Editions: The Little Prince', 74000, 100, 11);
INSERT INTO bookstoredb.book (book_id, title, price, inventory_qty, publisher_id) VALUES (12, 'Harry Potter Part 1: Harry Potter And The Philosopher Stone', 197000, 180, 12);
INSERT INTO bookstoredb.book (book_id, title, price, inventory_qty, publisher_id) VALUES (13, 'Harry Potter Part 2: Harry Potter And The Chamber Of Secrets', 160000, 250, 13);
INSERT INTO bookstoredb.book (book_id, title, price, inventory_qty, publisher_id) VALUES (14, 'Harry Potter Part 3: Harry Potter And The Prisoner Of Azkaban', 130000, 250, 14);
INSERT INTO bookstoredb.book (book_id, title, price, inventory_qty, publisher_id) VALUES (15, 'Harry Potter Part 4: Harry Potter And The Goblet Of Fire', 130000, 250, 1);
INSERT INTO bookstoredb.book (book_id, title, price, inventory_qty, publisher_id) VALUES (16, 'Harry Potter Part 5: Harry Potter And The Order Of The Phoenix', 131000, 220, 3);
INSERT INTO bookstoredb.book (book_id, title, price, inventory_qty, publisher_id) VALUES (17, 'Harry Potter Part 6: Harry Potter And The Half-Blood Prince', 130000, 250, 5);
INSERT INTO bookstoredb.book (book_id, title, price, inventory_qty, publisher_id) VALUES (18, 'Harry Potter Part 7: Harry Potter And The Deathly Hallows', 152000, 250, 7);
INSERT INTO bookstoredb.book (book_id, title, price, inventory_qty, publisher_id) VALUES (19, 'One Piece Color Walk Art Book', 230000, 250, 9);
INSERT INTO bookstoredb.book (book_id, title, price, inventory_qty, publisher_id) VALUES (20, 'Charlie and the Chocolate Factory', 188000, 250, 11);
INSERT INTO bookstoredb.book (book_id, title, price, inventory_qty, publisher_id) VALUES (21, 'The Silk Roads', 361000, 15, 1);
INSERT INTO bookstoredb.book (book_id, title, price, inventory_qty, publisher_id) VALUES (22, 'Sapiens: A Brief History of Humankind', 122000, 23, 1);
INSERT INTO bookstoredb.book (book_id, title, price, inventory_qty, publisher_id) VALUES (23, 'Homo Deus', 129796, 32, 2);
INSERT INTO bookstoredb.book (book_id, title, price, inventory_qty, publisher_id) VALUES (24, 'Dai Viet Su Ky Toan Thu', 119900, 56, 3);
INSERT INTO bookstoredb.book (book_id, title, price, inventory_qty, publisher_id) VALUES (25, 'Another', 111000, 65, 4);
INSERT INTO bookstoredb.book (book_id, title, price, inventory_qty, publisher_id) VALUES (26, 'Me Lo Quan', 68400, 99, 5);
INSERT INTO bookstoredb.book (book_id, title, price, inventory_qty, publisher_id) VALUES (27, 'Thuy Xa Quan', 56000, 100, 5);
INSERT INTO bookstoredb.book (book_id, title, price, inventory_qty, publisher_id) VALUES (28, 'Gia Thuyet Thu 7', 70000, 27, 6);
INSERT INTO bookstoredb.book (book_id, title, price, inventory_qty, publisher_id) VALUES (29, 'Gone With The Wind', 170000, 40, 7);
INSERT INTO bookstoredb.book (book_id, title, price, inventory_qty, publisher_id) VALUES (30, 'The Fault In Our Stars', 130800, 39, 8);
INSERT INTO bookstoredb.book (book_id, title, price, inventory_qty, publisher_id) VALUES (31, 'Camille', 36000, 120, 9);
INSERT INTO bookstoredb.book (book_id, title, price, inventory_qty, publisher_id) VALUES (32, 'Norwegian Wood', 86164, 70, 10);
INSERT INTO bookstoredb.book (book_id, title, price, inventory_qty, publisher_id) VALUES (33, 'Bill Gates', 145865, 85, 11);
INSERT INTO bookstoredb.book (book_id, title, price, inventory_qty, publisher_id) VALUES (34, 'Eistein: The Life and Universe', 265000, 111, 12);
INSERT INTO bookstoredb.book (book_id, title, price, inventory_qty, publisher_id) VALUES (35, 'Dai Tuong Vo Nguyen Giap', 157500, 137, 13);
INSERT INTO bookstoredb.book (book_id, title, price, inventory_qty, publisher_id) VALUES (36, 'Jackie Kennedy', 97000, 92, 14);
INSERT INTO bookstoredb.book (book_id, title, price, inventory_qty, publisher_id) VALUES (37, 'IELTS Handbook', 94000, 205, 15);
INSERT INTO bookstoredb.book (book_id, title, price, inventory_qty, publisher_id) VALUES (38, 'Mindmap English Grammar', 132900, 170, 1);
INSERT INTO bookstoredb.book (book_id, title, price, inventory_qty, publisher_id) VALUES (39, 'Ngu Phap Tieng Anh', 58000, 310, 2);
INSERT INTO bookstoredb.book (book_id, title, price, inventory_qty, publisher_id) VALUES (40, 'English Grammar In Use', 95900, 50, 3);
INSERT INTO bookstoredb.book (book_id, title, price, inventory_qty, publisher_id) VALUES (41, 'Clap When You Land', 280000, 30, 4);
INSERT INTO bookstoredb.book (book_id, title, price, inventory_qty, publisher_id) VALUES (42, 'Lets See Them Poems', 25000, 29, 6);
INSERT INTO bookstoredb.book (book_id, title, price, inventory_qty, publisher_id) VALUES (43, 'Radical Wordsworth: The Poet Who Changed the World', 450000, 30, 10);
INSERT INTO bookstoredb.book (book_id, title, price, inventory_qty, publisher_id) VALUES (44, 'What Makes a Marriage Last', 330000, 30, 7);
INSERT INTO bookstoredb.book (book_id, title, price, inventory_qty, publisher_id) VALUES (45, 'Why Bother: Discover the Desire for What’s Next', 235000, 30, 8);
INSERT INTO bookstoredb.book (book_id, title, price, inventory_qty, publisher_id) VALUES (46, 'Fortitude: American Resilience in the Era of Outrage', 343000, 30, 11);
INSERT INTO bookstoredb.book (book_id, title, price, inventory_qty, publisher_id) VALUES (47, 'Make Your Bed: Little Things That Can Change Your Life...And Maybe the World', 275000, 30, 11);
INSERT INTO bookstoredb.book (book_id, title, price, inventory_qty, publisher_id) VALUES (48, 'The Fifth Risk: Undoing Democracy', 185000, 30, 14);
INSERT INTO bookstoredb.book (book_id, title, price, inventory_qty, publisher_id) VALUES (49, 'Talking to Strangers: What We Should Know About the People We Don’t Know', 355000, 30, 1);
INSERT INTO bookstoredb.book (book_id, title, price, inventory_qty, publisher_id) VALUES (50, 'The Princess Bride', 75000, 30, 12);
INSERT INTO bookstoredb.book (book_id, title, price, inventory_qty, publisher_id) VALUES (51, 'Ready Player One', 245000, 30, 2);
INSERT INTO bookstoredb.book (book_id, title, price, inventory_qty, publisher_id) VALUES (52, 'The Martian', 190000, 30, 3);
INSERT INTO bookstoredb.book (book_id, title, price, inventory_qty, publisher_id) VALUES (53, 'Clean Code: A Handbook of Agile Software Craftsmanship', 950000, 30, 1);
INSERT INTO bookstoredb.book (book_id, title, price, inventory_qty, publisher_id) VALUES (54, 'Code Complete', 515000, 30, 5);
INSERT INTO bookstoredb.book (book_id, title, price, inventory_qty, publisher_id) VALUES (55, 'Refactoring: Improving the Design of Existing Code', 825000, 30, 9);
INSERT INTO bookstoredb.book (book_id, title, price, inventory_qty, publisher_id) VALUES (56, 'The Atlantis Gene: A Thriller (The Origin Mystery, Book 1)', 478000, 210, 1);
INSERT INTO bookstoredb.book (book_id, title, price, inventory_qty, publisher_id) VALUES (57, 'Walk the Wire (Memory Man Series)', 324000, 210, 2);
INSERT INTO bookstoredb.book (book_id, title, price, inventory_qty, publisher_id) VALUES (58, 'Genome (The Extinction Files Book 2)', 279000, 210, 3);
INSERT INTO bookstoredb.book (book_id, title, price, inventory_qty, publisher_id) VALUES (59, 'Summers'' Horses (Ralph Cotton Western Series Book 1)', 460000, 210, 4);
INSERT INTO bookstoredb.book (book_id, title, price, inventory_qty, publisher_id) VALUES (60, 'The Hunt for Red October', 239000, 210, 5);
INSERT INTO bookstoredb.book (book_id, title, price, inventory_qty, publisher_id) VALUES (61, 'Treasure Island (Signet Classics)', 135000, 170, 6);
INSERT INTO bookstoredb.book (book_id, title, price, inventory_qty, publisher_id) VALUES (62, 'The Arabian Nights', 139000, 170, 7);
INSERT INTO bookstoredb.book (book_id, title, price, inventory_qty, publisher_id) VALUES (63, 'The Call of the Wild', 78000, 170, 8);
INSERT INTO bookstoredb.book (book_id, title, price, inventory_qty, publisher_id) VALUES (64, 'The Last Unicorn', 249000, 170, 9);
INSERT INTO bookstoredb.book (book_id, title, price, inventory_qty, publisher_id) VALUES (65, 'The Eyes of the Dragon: A Novel', 319000, 170, 10);
INSERT INTO bookstoredb.book (book_id, title, price, inventory_qty, publisher_id) VALUES (66, 'My Hero Academia, Vol. 24 (24)', 68000, 200, 11);
INSERT INTO bookstoredb.book (book_id, title, price, inventory_qty, publisher_id) VALUES (67, 'Avatar: The Last Airbender, The Search', 319000, 200, 12);
INSERT INTO bookstoredb.book (book_id, title, price, inventory_qty, publisher_id) VALUES (68, 'Uzumaki (3-in-1, Deluxe Edition): Includes vols. 1, 2 & 3', 349000, 200, 13);
INSERT INTO bookstoredb.book (book_id, title, price, inventory_qty, publisher_id) VALUES (69, 'Tomie: Complete Deluxe Edition', 349000, 200, 14);
INSERT INTO bookstoredb.book (book_id, title, price, inventory_qty, publisher_id) VALUES (70, 'Dragon Ball Super, Vol. 9 (9)', 210000, 200, 15);
INSERT INTO bookstoredb.book (book_id, title, price, inventory_qty, publisher_id) VALUES (71, 'The Whisper Man: A Novel', 215000, 90, 1);
INSERT INTO bookstoredb.book (book_id, title, price, inventory_qty, publisher_id) VALUES (72, 'Sharp Objects', 119000, 90, 2);
INSERT INTO bookstoredb.book (book_id, title, price, inventory_qty, publisher_id) VALUES (73, 'The Distant Dead: A Novel', 519000, 90, 3);
INSERT INTO bookstoredb.book (book_id, title, price, inventory_qty, publisher_id) VALUES (74, 'Opium and Absinthe: A Novel', 239000, 90, 4);
INSERT INTO bookstoredb.book (book_id, title, price, inventory_qty, publisher_id) VALUES (75, 'Night Shift', 858000, 90, 5);
INSERT INTO bookstoredb.book (book_id, title, price, inventory_qty, publisher_id) VALUES (76, 'Master of Sorrows: The Silent Gods Book 1', 449000, 100, 6);
INSERT INTO bookstoredb.book (book_id, title, price, inventory_qty, publisher_id) VALUES (77, 'Peace Talks: Dresden Files, Book 16', 369000, 100, 7);
INSERT INTO bookstoredb.book (book_id, title, price, inventory_qty, publisher_id) VALUES (78, 'Rhythm of War', 719000, 100, 8);
INSERT INTO bookstoredb.book (book_id, title, price, inventory_qty, publisher_id) VALUES (79, 'Grave Importance', 269000, 100, 9);
INSERT INTO bookstoredb.book (book_id, title, price, inventory_qty, publisher_id) VALUES (80, 'Blood of Elves', 159000, 100, 10);
INSERT INTO bookstoredb.book (book_id, title, price, inventory_qty, publisher_id) VALUES (81, '21 Lessons for the 21st century', 199000, 70, 1);
INSERT INTO bookstoredb.book (book_id, title, price, inventory_qty, publisher_id) VALUES (82, 'A History of The Jew', 284000, 80, 2);
INSERT INTO bookstoredb.book (book_id, title, price, inventory_qty, publisher_id) VALUES (83, 'A People''s History of the United State', 320500, 90, 3);
INSERT INTO bookstoredb.book (book_id, title, price, inventory_qty, publisher_id) VALUES (84, 'The Lessons of History', 178690, 100, 4);
INSERT INTO bookstoredb.book (book_id, title, price, inventory_qty, publisher_id) VALUES (85, 'After the end of History: American Fiction in the 1990s', 212000, 110, 5);
INSERT INTO bookstoredb.book (book_id, title, price, inventory_qty, publisher_id) VALUES (86, 'The Harvest', 78000, 120, 6);
INSERT INTO bookstoredb.book (book_id, title, price, inventory_qty, publisher_id) VALUES (87, 'If It Bleeds', 163805, 130, 7);
INSERT INTO bookstoredb.book (book_id, title, price, inventory_qty, publisher_id) VALUES (88, 'Intercepts', 191720, 140, 8);
INSERT INTO bookstoredb.book (book_id, title, price, inventory_qty, publisher_id) VALUES (89, 'In My Father''s Basement', 222222, 69, 9);
INSERT INTO bookstoredb.book (book_id, title, price, inventory_qty, publisher_id) VALUES (90, 'The Venue', 345678, 88, 10);
INSERT INTO bookstoredb.book (book_id, title, price, inventory_qty, publisher_id) VALUES (91, 'Crossing the Line', 481000, 156, 11);
INSERT INTO bookstoredb.book (book_id, title, price, inventory_qty, publisher_id) VALUES (92, 'Wild for You', 101000, 94, 12);
INSERT INTO bookstoredb.book (book_id, title, price, inventory_qty, publisher_id) VALUES (93, 'Taking His Shot', 117000, 77, 13);
INSERT INTO bookstoredb.book (book_id, title, price, inventory_qty, publisher_id) VALUES (94, 'Falling For You', 66700, 50, 14);
INSERT INTO bookstoredb.book (book_id, title, price, inventory_qty, publisher_id) VALUES (95, 'Crazy Love', 207800, 105, 15);
INSERT INTO bookstoredb.book (book_id, title, price, inventory_qty, publisher_id) VALUES (96, 'Shoe Dog', 124500, 81, 1);
INSERT INTO bookstoredb.book (book_id, title, price, inventory_qty, publisher_id) VALUES (97, 'Hindsight & All the Things I Cannot See in Front of Me', 850000, 45, 2);
INSERT INTO bookstoredb.book (book_id, title, price, inventory_qty, publisher_id) VALUES (98, 'Blood: A Memoir by the Jonas Brother', 474000, 118, 3);
INSERT INTO bookstoredb.book (book_id, title, price, inventory_qty, publisher_id) VALUES (99, 'The Pale-Faced Lie', 269100, 122, 4);
INSERT INTO bookstoredb.book (book_id, title, price, inventory_qty, publisher_id) VALUES (100, 'Home Work: A Memoir of My Hollywood Years', 331050, 144, 5);
INSERT INTO bookstoredb.book (book_id, title, price, inventory_qty, publisher_id) VALUES (101, 'The Best American Essays of the Century', 232454, 120, 6);
INSERT INTO bookstoredb.book (book_id, title, price, inventory_qty, publisher_id) VALUES (102, 'Make It Scream, Make It Burn', 350000, 115, 7);
INSERT INTO bookstoredb.book (book_id, title, price, inventory_qty, publisher_id) VALUES (103, '50 Essays: A Portable Anthology', 346700, 98, 8);
INSERT INTO bookstoredb.book (book_id, title, price, inventory_qty, publisher_id) VALUES (104, 'Essays After Eighty', 80000, 86, 9);
INSERT INTO bookstoredb.book (book_id, title, price, inventory_qty, publisher_id) VALUES (105, 'College Essay Essentials', 96000, 73, 10);
INSERT INTO bookstoredb.book (book_id, title, price, inventory_qty, publisher_id) VALUES (106, 'Milk and Honey', 195000, 55, 5);
INSERT INTO bookstoredb.book (book_id, title, price, inventory_qty, publisher_id) VALUES (107, 'The Sun and Her Flowers', 264000, 52, 7);
INSERT INTO bookstoredb.book (book_id, title, price, inventory_qty, publisher_id) VALUES (108, 'On the Horizon', 235000, 49, 1);
INSERT INTO bookstoredb.book (book_id, title, price, inventory_qty, publisher_id) VALUES (109, 'Body of Render', 240000, 53, 4);
INSERT INTO bookstoredb.book (book_id, title, price, inventory_qty, publisher_id) VALUES (110, 'Toxicon and Arachne', 240000, 50, 6);
INSERT INTO bookstoredb.book (book_id, title, price, inventory_qty, publisher_id) VALUES (111, 'The Subtle Art of Not Giving a F*ck: A Counterintuitive Approach to Living a Good Life', 370000, 51, 10);
INSERT INTO bookstoredb.book (book_id, title, price, inventory_qty, publisher_id) VALUES (112, 'Can''t Hurt Me: Master Your Mind and Defy the Odds', 263000, 49, 15);
INSERT INTO bookstoredb.book (book_id, title, price, inventory_qty, publisher_id) VALUES (113, 'Big Magic: Creative Living Beyond Fear', 276000, 46, 12);
INSERT INTO bookstoredb.book (book_id, title, price, inventory_qty, publisher_id) VALUES (114, 'The Year of Less', 263000, 52, 11);
INSERT INTO bookstoredb.book (book_id, title, price, inventory_qty, publisher_id) VALUES (115, 'Think Like a Monk', 310000, 50, 2);
INSERT INTO bookstoredb.book (book_id, title, price, inventory_qty, publisher_id) VALUES (116, 'The Acorn Method: How Companies Get Growing Again', 478000, 51, 3);
INSERT INTO bookstoredb.book (book_id, title, price, inventory_qty, publisher_id) VALUES (117, 'Abolish Silicon Valley: How to Liberate Technology from Capitalism', 282000, 49, 9);
INSERT INTO bookstoredb.book (book_id, title, price, inventory_qty, publisher_id) VALUES (118, 'Future Value: The Battle for Baseball''s Soul and How Teams Will Find the Next Superstar', 595000, 53, 14);
INSERT INTO bookstoredb.book (book_id, title, price, inventory_qty, publisher_id) VALUES (119, 'Talking to Strangers: What We Should Know About the People We Don’t Know', 388000, 48, 13);
INSERT INTO bookstoredb.book (book_id, title, price, inventory_qty, publisher_id) VALUES (120, 'Dark Towers: Deutsche Bank, Donald Trump, and an Epic Trail of Destruction', 725000, 53, 1);
INSERT INTO bookstoredb.book (book_id, title, price, inventory_qty, publisher_id) VALUES (121, 'The Mermaid, the Witch, and the Sea', 305000, 48, 2);
INSERT INTO bookstoredb.book (book_id, title, price, inventory_qty, publisher_id) VALUES (122, 'Caraval', 270000, 51, 3);
INSERT INTO bookstoredb.book (book_id, title, price, inventory_qty, publisher_id) VALUES (123, 'Sea Wife', 165000, 49, 4);
INSERT INTO bookstoredb.book (book_id, title, price, inventory_qty, publisher_id) VALUES (124, 'Legendary', 155000, 52, 5);
INSERT INTO bookstoredb.book (book_id, title, price, inventory_qty, publisher_id) VALUES (125, 'Finale', 200000, 52, 6);
INSERT INTO bookstoredb.book (book_id, title, price, inventory_qty, publisher_id) VALUES (126, 'Storytelling with Data', 735000, 48, 7);
INSERT INTO bookstoredb.book (book_id, title, price, inventory_qty, publisher_id) VALUES (127, 'Prediction Machines: The Simple Economics of Artificial Intelligence', 335000, 47, 8);
INSERT INTO bookstoredb.book (book_id, title, price, inventory_qty, publisher_id) VALUES (128, 'Introduction to Algorithms', 865000, 50, 9);
INSERT INTO bookstoredb.book (book_id, title, price, inventory_qty, publisher_id) VALUES (129, 'Head First Design Patterns', 943000, 49, 10);
INSERT INTO bookstoredb.book (book_id, title, price, inventory_qty, publisher_id) VALUES (130, 'Domain-Driven Design: Tackling Complexity in the Heart of Software', 1150000, 52, 11);

-- INSERT genre --------------
INSERT INTO bookstoredb.genre (book_id, genre) VALUES (1, 'Action');
INSERT INTO bookstoredb.genre (book_id, genre) VALUES (1, 'Adventure');
INSERT INTO bookstoredb.genre (book_id, genre) VALUES (2, 'Action');
INSERT INTO bookstoredb.genre (book_id, genre) VALUES (2, 'Adventure');
INSERT INTO bookstoredb.genre (book_id, genre) VALUES (3, 'Adventure');
INSERT INTO bookstoredb.genre (book_id, genre) VALUES (4, 'Action');
INSERT INTO bookstoredb.genre (book_id, genre) VALUES (4, 'Classics');
INSERT INTO bookstoredb.genre (book_id, genre) VALUES (4, 'Fantasy');
INSERT INTO bookstoredb.genre (book_id, genre) VALUES (5, 'Action');
INSERT INTO bookstoredb.genre (book_id, genre) VALUES (5, 'Classics');
INSERT INTO bookstoredb.genre (book_id, genre) VALUES (5, 'Fantasy');
INSERT INTO bookstoredb.genre (book_id, genre) VALUES (6, 'Action');
INSERT INTO bookstoredb.genre (book_id, genre) VALUES (6, 'Classics');
INSERT INTO bookstoredb.genre (book_id, genre) VALUES (6, 'Fantasy');
INSERT INTO bookstoredb.genre (book_id, genre) VALUES (7, 'Action');
INSERT INTO bookstoredb.genre (book_id, genre) VALUES (7, 'Classics');
INSERT INTO bookstoredb.genre (book_id, genre) VALUES (7, 'Fantasy');
INSERT INTO bookstoredb.genre (book_id, genre) VALUES (8, 'Action');
INSERT INTO bookstoredb.genre (book_id, genre) VALUES (8, 'Classics');
INSERT INTO bookstoredb.genre (book_id, genre) VALUES (8, 'Fantasy');
INSERT INTO bookstoredb.genre (book_id, genre) VALUES (9, 'Action');
INSERT INTO bookstoredb.genre (book_id, genre) VALUES (9, 'Classics');
INSERT INTO bookstoredb.genre (book_id, genre) VALUES (9, 'Fantasy');
INSERT INTO bookstoredb.genre (book_id, genre) VALUES (10, 'Action');
INSERT INTO bookstoredb.genre (book_id, genre) VALUES (10, 'Classics');
INSERT INTO bookstoredb.genre (book_id, genre) VALUES (10, 'Fantasy');
INSERT INTO bookstoredb.genre (book_id, genre) VALUES (11, 'Adventure');
INSERT INTO bookstoredb.genre (book_id, genre) VALUES (11, 'Fantasy');
INSERT INTO bookstoredb.genre (book_id, genre) VALUES (11, 'Mystery');
INSERT INTO bookstoredb.genre (book_id, genre) VALUES (12, 'Adventure');
INSERT INTO bookstoredb.genre (book_id, genre) VALUES (12, 'Fantasy');
INSERT INTO bookstoredb.genre (book_id, genre) VALUES (12, 'Mystery');
INSERT INTO bookstoredb.genre (book_id, genre) VALUES (13, 'Adventure');
INSERT INTO bookstoredb.genre (book_id, genre) VALUES (13, 'Fantasy');
INSERT INTO bookstoredb.genre (book_id, genre) VALUES (13, 'Mystery');
INSERT INTO bookstoredb.genre (book_id, genre) VALUES (14, 'Adventure');
INSERT INTO bookstoredb.genre (book_id, genre) VALUES (14, 'Fantasy');
INSERT INTO bookstoredb.genre (book_id, genre) VALUES (14, 'Mystery');
INSERT INTO bookstoredb.genre (book_id, genre) VALUES (15, 'Adventure');
INSERT INTO bookstoredb.genre (book_id, genre) VALUES (15, 'Fantasy');
INSERT INTO bookstoredb.genre (book_id, genre) VALUES (15, 'Mystery');
INSERT INTO bookstoredb.genre (book_id, genre) VALUES (16, 'Adventure');
INSERT INTO bookstoredb.genre (book_id, genre) VALUES (16, 'Fantasy');
INSERT INTO bookstoredb.genre (book_id, genre) VALUES (16, 'Mystery');
INSERT INTO bookstoredb.genre (book_id, genre) VALUES (17, 'Adventure');
INSERT INTO bookstoredb.genre (book_id, genre) VALUES (17, 'Fantasy');
INSERT INTO bookstoredb.genre (book_id, genre) VALUES (17, 'Mystery');
INSERT INTO bookstoredb.genre (book_id, genre) VALUES (18, 'Adventure');
INSERT INTO bookstoredb.genre (book_id, genre) VALUES (18, 'Fantasy');
INSERT INTO bookstoredb.genre (book_id, genre) VALUES (18, 'Mystery');
INSERT INTO bookstoredb.genre (book_id, genre) VALUES (19, 'Comic');
INSERT INTO bookstoredb.genre (book_id, genre) VALUES (20, 'Comic');
INSERT INTO bookstoredb.genre (book_id, genre) VALUES (20, 'Fantasy');
INSERT INTO bookstoredb.genre (book_id, genre) VALUES (21, 'History');
INSERT INTO bookstoredb.genre (book_id, genre) VALUES (22, 'History');
INSERT INTO bookstoredb.genre (book_id, genre) VALUES (23, 'History');
INSERT INTO bookstoredb.genre (book_id, genre) VALUES (24, 'History');
INSERT INTO bookstoredb.genre (book_id, genre) VALUES (25, 'Horror');
INSERT INTO bookstoredb.genre (book_id, genre) VALUES (26, 'Horror');
INSERT INTO bookstoredb.genre (book_id, genre) VALUES (27, 'Horror');
INSERT INTO bookstoredb.genre (book_id, genre) VALUES (28, 'Horror');
INSERT INTO bookstoredb.genre (book_id, genre) VALUES (29, 'Romance');
INSERT INTO bookstoredb.genre (book_id, genre) VALUES (30, 'Romance');
INSERT INTO bookstoredb.genre (book_id, genre) VALUES (31, 'Romance');
INSERT INTO bookstoredb.genre (book_id, genre) VALUES (32, 'Romance');
INSERT INTO bookstoredb.genre (book_id, genre) VALUES (33, 'Biographic');
INSERT INTO bookstoredb.genre (book_id, genre) VALUES (34, 'Biographic');
INSERT INTO bookstoredb.genre (book_id, genre) VALUES (35, 'Biographic');
INSERT INTO bookstoredb.genre (book_id, genre) VALUES (36, 'Biographic');
INSERT INTO bookstoredb.genre (book_id, genre) VALUES (37, 'Essay');
INSERT INTO bookstoredb.genre (book_id, genre) VALUES (38, 'Essay');
INSERT INTO bookstoredb.genre (book_id, genre) VALUES (39, 'Essay');
INSERT INTO bookstoredb.genre (book_id, genre) VALUES (40, 'Essay');
INSERT INTO bookstoredb.genre (book_id, genre) VALUES (41, 'Poetry');
INSERT INTO bookstoredb.genre (book_id, genre) VALUES (42, 'Poetry');
INSERT INTO bookstoredb.genre (book_id, genre) VALUES (43, 'Poetry');
INSERT INTO bookstoredb.genre (book_id, genre) VALUES (44, 'Self-help');
INSERT INTO bookstoredb.genre (book_id, genre) VALUES (45, 'Self-help');
INSERT INTO bookstoredb.genre (book_id, genre) VALUES (46, 'Self-help');
INSERT INTO bookstoredb.genre (book_id, genre) VALUES (47, 'Business');
INSERT INTO bookstoredb.genre (book_id, genre) VALUES (48, 'Business');
INSERT INTO bookstoredb.genre (book_id, genre) VALUES (49, 'Business');
INSERT INTO bookstoredb.genre (book_id, genre) VALUES (50, 'Adventure');
INSERT INTO bookstoredb.genre (book_id, genre) VALUES (51, 'Adventure');
INSERT INTO bookstoredb.genre (book_id, genre) VALUES (52, 'Adventure');
INSERT INTO bookstoredb.genre (book_id, genre) VALUES (53, 'Technical');
INSERT INTO bookstoredb.genre (book_id, genre) VALUES (54, 'Technical');
INSERT INTO bookstoredb.genre (book_id, genre) VALUES (55, 'Technical');
INSERT INTO bookstoredb.genre (book_id, genre) VALUES (56, 'Action');
INSERT INTO bookstoredb.genre (book_id, genre) VALUES (56, 'Mystery');
INSERT INTO bookstoredb.genre (book_id, genre) VALUES (57, 'Action');
INSERT INTO bookstoredb.genre (book_id, genre) VALUES (58, 'Action');
INSERT INTO bookstoredb.genre (book_id, genre) VALUES (58, 'Mystery');
INSERT INTO bookstoredb.genre (book_id, genre) VALUES (59, 'Action');
INSERT INTO bookstoredb.genre (book_id, genre) VALUES (60, 'Action');
INSERT INTO bookstoredb.genre (book_id, genre) VALUES (60, 'Adventure');
INSERT INTO bookstoredb.genre (book_id, genre) VALUES (61, 'Adventure');
INSERT INTO bookstoredb.genre (book_id, genre) VALUES (61, 'Classics');
INSERT INTO bookstoredb.genre (book_id, genre) VALUES (62, 'Classics');
INSERT INTO bookstoredb.genre (book_id, genre) VALUES (63, 'Classics');
INSERT INTO bookstoredb.genre (book_id, genre) VALUES (64, 'Classics');
INSERT INTO bookstoredb.genre (book_id, genre) VALUES (65, 'Classics');
INSERT INTO bookstoredb.genre (book_id, genre) VALUES (66, 'Comic');
INSERT INTO bookstoredb.genre (book_id, genre) VALUES (67, 'Comic');
INSERT INTO bookstoredb.genre (book_id, genre) VALUES (68, 'Adventure');
INSERT INTO bookstoredb.genre (book_id, genre) VALUES (68, 'Comic');
INSERT INTO bookstoredb.genre (book_id, genre) VALUES (69, 'Adventure');
INSERT INTO bookstoredb.genre (book_id, genre) VALUES (69, 'Comic');
INSERT INTO bookstoredb.genre (book_id, genre) VALUES (70, 'Comic');
INSERT INTO bookstoredb.genre (book_id, genre) VALUES (71, 'Horror');
INSERT INTO bookstoredb.genre (book_id, genre) VALUES (71, 'Mystery');
INSERT INTO bookstoredb.genre (book_id, genre) VALUES (72, 'Mystery');
INSERT INTO bookstoredb.genre (book_id, genre) VALUES (73, 'Horror');
INSERT INTO bookstoredb.genre (book_id, genre) VALUES (73, 'Mystery');
INSERT INTO bookstoredb.genre (book_id, genre) VALUES (74, 'Mystery');
INSERT INTO bookstoredb.genre (book_id, genre) VALUES (75, 'Horror');
INSERT INTO bookstoredb.genre (book_id, genre) VALUES (75, 'Mystery');
INSERT INTO bookstoredb.genre (book_id, genre) VALUES (76, 'Fantasy');
INSERT INTO bookstoredb.genre (book_id, genre) VALUES (77, 'Fantasy');
INSERT INTO bookstoredb.genre (book_id, genre) VALUES (78, 'Fantasy');
INSERT INTO bookstoredb.genre (book_id, genre) VALUES (79, 'Fantasy');
INSERT INTO bookstoredb.genre (book_id, genre) VALUES (80, 'Fantasy');
INSERT INTO bookstoredb.genre (book_id, genre) VALUES (81, 'History');
INSERT INTO bookstoredb.genre (book_id, genre) VALUES (82, 'History');
INSERT INTO bookstoredb.genre (book_id, genre) VALUES (83, 'History');
INSERT INTO bookstoredb.genre (book_id, genre) VALUES (84, 'History');
INSERT INTO bookstoredb.genre (book_id, genre) VALUES (85, 'History');
INSERT INTO bookstoredb.genre (book_id, genre) VALUES (86, 'Horror');
INSERT INTO bookstoredb.genre (book_id, genre) VALUES (87, 'Horror');
INSERT INTO bookstoredb.genre (book_id, genre) VALUES (88, 'Horror');
INSERT INTO bookstoredb.genre (book_id, genre) VALUES (89, 'Horror');
INSERT INTO bookstoredb.genre (book_id, genre) VALUES (90, 'Horror');
INSERT INTO bookstoredb.genre (book_id, genre) VALUES (91, 'Romance');
INSERT INTO bookstoredb.genre (book_id, genre) VALUES (92, 'Romance');
INSERT INTO bookstoredb.genre (book_id, genre) VALUES (93, 'Romance');
INSERT INTO bookstoredb.genre (book_id, genre) VALUES (94, 'Romance');
INSERT INTO bookstoredb.genre (book_id, genre) VALUES (95, 'Romance');
INSERT INTO bookstoredb.genre (book_id, genre) VALUES (96, 'Biographic');
INSERT INTO bookstoredb.genre (book_id, genre) VALUES (97, 'Biographic');
INSERT INTO bookstoredb.genre (book_id, genre) VALUES (98, 'Biographic');
INSERT INTO bookstoredb.genre (book_id, genre) VALUES (99, 'Biographic');
INSERT INTO bookstoredb.genre (book_id, genre) VALUES (100, 'Biographic');
INSERT INTO bookstoredb.genre (book_id, genre) VALUES (101, 'Essay');
INSERT INTO bookstoredb.genre (book_id, genre) VALUES (102, 'Essay');
INSERT INTO bookstoredb.genre (book_id, genre) VALUES (103, 'Essay');
INSERT INTO bookstoredb.genre (book_id, genre) VALUES (104, 'Essay');
INSERT INTO bookstoredb.genre (book_id, genre) VALUES (105, 'Business');
INSERT INTO bookstoredb.genre (book_id, genre) VALUES (105, 'Essay');
INSERT INTO bookstoredb.genre (book_id, genre) VALUES (105, 'Technical');
INSERT INTO bookstoredb.genre (book_id, genre) VALUES (106, 'Poetry');
INSERT INTO bookstoredb.genre (book_id, genre) VALUES (106, 'Romance');
INSERT INTO bookstoredb.genre (book_id, genre) VALUES (107, 'Poetry');
INSERT INTO bookstoredb.genre (book_id, genre) VALUES (108, 'History');
INSERT INTO bookstoredb.genre (book_id, genre) VALUES (108, 'Poetry');
INSERT INTO bookstoredb.genre (book_id, genre) VALUES (109, 'Poetry');
INSERT INTO bookstoredb.genre (book_id, genre) VALUES (110, 'Poetry');
INSERT INTO bookstoredb.genre (book_id, genre) VALUES (111, 'Business');
INSERT INTO bookstoredb.genre (book_id, genre) VALUES (111, 'Self-help');
INSERT INTO bookstoredb.genre (book_id, genre) VALUES (112, 'Biographic');
INSERT INTO bookstoredb.genre (book_id, genre) VALUES (112, 'Self-help');
INSERT INTO bookstoredb.genre (book_id, genre) VALUES (113, 'Self-help');
INSERT INTO bookstoredb.genre (book_id, genre) VALUES (114, 'Self-help');
INSERT INTO bookstoredb.genre (book_id, genre) VALUES (115, 'Self-help');
INSERT INTO bookstoredb.genre (book_id, genre) VALUES (116, 'Business');
INSERT INTO bookstoredb.genre (book_id, genre) VALUES (116, 'Self-help');
INSERT INTO bookstoredb.genre (book_id, genre) VALUES (117, 'Business');
INSERT INTO bookstoredb.genre (book_id, genre) VALUES (117, 'Technical');
INSERT INTO bookstoredb.genre (book_id, genre) VALUES (118, 'Business');
INSERT INTO bookstoredb.genre (book_id, genre) VALUES (119, 'Business');
INSERT INTO bookstoredb.genre (book_id, genre) VALUES (119, 'Self-help');
INSERT INTO bookstoredb.genre (book_id, genre) VALUES (120, 'Business');
INSERT INTO bookstoredb.genre (book_id, genre) VALUES (120, 'History');
INSERT INTO bookstoredb.genre (book_id, genre) VALUES (121, 'Adventure');
INSERT INTO bookstoredb.genre (book_id, genre) VALUES (121, 'Fantasy');
INSERT INTO bookstoredb.genre (book_id, genre) VALUES (122, 'Adventure');
INSERT INTO bookstoredb.genre (book_id, genre) VALUES (122, 'Fantasy');
INSERT INTO bookstoredb.genre (book_id, genre) VALUES (123, 'Adventure');
INSERT INTO bookstoredb.genre (book_id, genre) VALUES (123, 'Fantasy');
INSERT INTO bookstoredb.genre (book_id, genre) VALUES (124, 'Adventure');
INSERT INTO bookstoredb.genre (book_id, genre) VALUES (124, 'Fantasy');
INSERT INTO bookstoredb.genre (book_id, genre) VALUES (124, 'Romance');
INSERT INTO bookstoredb.genre (book_id, genre) VALUES (125, 'Adventure');
INSERT INTO bookstoredb.genre (book_id, genre) VALUES (125, 'Fantasy');
INSERT INTO bookstoredb.genre (book_id, genre) VALUES (125, 'Romance');
INSERT INTO bookstoredb.genre (book_id, genre) VALUES (126, 'Business');
INSERT INTO bookstoredb.genre (book_id, genre) VALUES (126, 'Technical');
INSERT INTO bookstoredb.genre (book_id, genre) VALUES (127, 'Business');
INSERT INTO bookstoredb.genre (book_id, genre) VALUES (127, 'Technical');
INSERT INTO bookstoredb.genre (book_id, genre) VALUES (128, 'Technical');
INSERT INTO bookstoredb.genre (book_id, genre) VALUES (129, 'Technical');
INSERT INTO bookstoredb.genre (book_id, genre) VALUES (130, 'Technical');

-- INSERT author --------------
INSERT INTO bookstoredb.author (author_id, name, country) VALUES (1, 'Dan Brown', 'USA');
INSERT INTO bookstoredb.author (author_id, name, country) VALUES (2, 'Sir Arthur Conan Doyle', 'England');
INSERT INTO bookstoredb.author (author_id, name, country) VALUES (3, 'George R. R. Martin', 'USA');
INSERT INTO bookstoredb.author (author_id, name, country) VALUES (4, 'Antoine De Saint-Exupery', 'France');
INSERT INTO bookstoredb.author (author_id, name, country) VALUES (5, 'J. K. Rowling', 'England');
INSERT INTO bookstoredb.author (author_id, name, country) VALUES (6, 'Eiichiro Oda', 'Japan');
INSERT INTO bookstoredb.author (author_id, name, country) VALUES (7, 'Roald Dahl', 'England');
INSERT INTO bookstoredb.author (author_id, name, country) VALUES (8, 'Peter Frankopan', 'England');
INSERT INTO bookstoredb.author (author_id, name, country) VALUES (9, 'Raymond Murphy', 'England');
INSERT INTO bookstoredb.author (author_id, name, country) VALUES (10, 'Yuval Noah Harari', 'Israel');
INSERT INTO bookstoredb.author (author_id, name, country) VALUES (11, 'Ngo Si Lien', 'Vietnam');
INSERT INTO bookstoredb.author (author_id, name, country) VALUES (12, 'Le Van Huu', 'Vietnam');
INSERT INTO bookstoredb.author (author_id, name, country) VALUES (13, 'Phan Phu Tien', 'Vietnam');
INSERT INTO bookstoredb.author (author_id, name, country) VALUES (14, 'Kien Tran', 'Vietnam');
INSERT INTO bookstoredb.author (author_id, name, country) VALUES (15, 'Do Nhung', 'Vietnam');
INSERT INTO bookstoredb.author (author_id, name, country) VALUES (16, 'Mai Lan Huong', 'Vietnam');
INSERT INTO bookstoredb.author (author_id, name, country) VALUES (17, 'Tran Hong', 'Vietnam');
INSERT INTO bookstoredb.author (author_id, name, country) VALUES (18, 'Yukito Ayatsuji', 'Japan');
INSERT INTO bookstoredb.author (author_id, name, country) VALUES (19, 'Haruki Murakami', 'Japan');
INSERT INTO bookstoredb.author (author_id, name, country) VALUES (20, 'Paul Halter', 'France');
INSERT INTO bookstoredb.author (author_id, name, country) VALUES (21, 'Alexandre Dumas', 'France');
INSERT INTO bookstoredb.author (author_id, name, country) VALUES (22, 'Maud Guillaumin', 'France');
INSERT INTO bookstoredb.author (author_id, name, country) VALUES (23, 'Margaret Mitchell', 'USA');
INSERT INTO bookstoredb.author (author_id, name, country) VALUES (24, 'John Green', 'USA');
INSERT INTO bookstoredb.author (author_id, name, country) VALUES (25, 'James Wallace', 'USA');
INSERT INTO bookstoredb.author (author_id, name, country) VALUES (26, 'Walter Isaacson', 'USA');
INSERT INTO bookstoredb.author (author_id, name, country) VALUES (27, 'Elizabeth Acevedo', 'USA');
INSERT INTO bookstoredb.author (author_id, name, country) VALUES (28, 'Andrew Shaffer', 'USA');
INSERT INTO bookstoredb.author (author_id, name, country) VALUES (29, 'Jonathan Bate', 'England');
INSERT INTO bookstoredb.author (author_id, name, country) VALUES (30, 'Marlo Thomas', 'USA');
INSERT INTO bookstoredb.author (author_id, name, country) VALUES (31, 'Jennifer Louden', 'USA');
INSERT INTO bookstoredb.author (author_id, name, country) VALUES (32, 'Dan Crenshaw', 'England');
INSERT INTO bookstoredb.author (author_id, name, country) VALUES (33, 'William H. McRaven', 'USA');
INSERT INTO bookstoredb.author (author_id, name, country) VALUES (34, 'Michael Lewis', 'USA');
INSERT INTO bookstoredb.author (author_id, name, country) VALUES (35, 'Malcolm Gladwell', 'Canada');
INSERT INTO bookstoredb.author (author_id, name, country) VALUES (36, 'William Goldman', 'USA');
INSERT INTO bookstoredb.author (author_id, name, country) VALUES (37, 'Ernest Cline', 'USA');
INSERT INTO bookstoredb.author (author_id, name, country) VALUES (38, 'Andy Weir', 'USA');
INSERT INTO bookstoredb.author (author_id, name, country) VALUES (39, 'Robert C. Martin', 'USA');
INSERT INTO bookstoredb.author (author_id, name, country) VALUES (40, 'Steve McConnell', 'USA');
INSERT INTO bookstoredb.author (author_id, name, country) VALUES (41, 'Martin Fowler', 'England');
INSERT INTO bookstoredb.author (author_id, name, country) VALUES (42, 'A. G. Riddle', 'USA');
INSERT INTO bookstoredb.author (author_id, name, country) VALUES (43, 'David Baldacci', 'USA');
INSERT INTO bookstoredb.author (author_id, name, country) VALUES (44, 'Ralph Cotton', 'USA');
INSERT INTO bookstoredb.author (author_id, name, country) VALUES (45, 'Tom Clancy', 'USA');
INSERT INTO bookstoredb.author (author_id, name, country) VALUES (46, 'Robert Louis Stevenson', 'Scotland');
INSERT INTO bookstoredb.author (author_id, name, country) VALUES (47, 'Sir Richard Burton', 'England');
INSERT INTO bookstoredb.author (author_id, name, country) VALUES (48, 'Jack London', 'USA');
INSERT INTO bookstoredb.author (author_id, name, country) VALUES (49, 'Peter S. Beagle', 'USA');
INSERT INTO bookstoredb.author (author_id, name, country) VALUES (50, 'Stephen King', 'USA');
INSERT INTO bookstoredb.author (author_id, name, country) VALUES (51, 'Alex North', 'USA');
INSERT INTO bookstoredb.author (author_id, name, country) VALUES (52, 'Gillian Flynn', 'USA');
INSERT INTO bookstoredb.author (author_id, name, country) VALUES (53, 'Heather Young', 'USA');
INSERT INTO bookstoredb.author (author_id, name, country) VALUES (54, 'Lydia Kang', 'USA');
INSERT INTO bookstoredb.author (author_id, name, country) VALUES (55, 'Justin Call', 'USA');
INSERT INTO bookstoredb.author (author_id, name, country) VALUES (56, 'Kohei Horikoshi', 'Japan');
INSERT INTO bookstoredb.author (author_id, name, country) VALUES (57, 'Michael Dante DiMartino', 'USA');
INSERT INTO bookstoredb.author (author_id, name, country) VALUES (58, 'Junji Ito', 'Japan');
INSERT INTO bookstoredb.author (author_id, name, country) VALUES (59, 'Akira Toriyama', 'Japan');
INSERT INTO bookstoredb.author (author_id, name, country) VALUES (60, 'Jim Butcher', 'USA');
INSERT INTO bookstoredb.author (author_id, name, country) VALUES (61, 'Brandon Sanderson', 'USA');
INSERT INTO bookstoredb.author (author_id, name, country) VALUES (62, 'Vivian Shaw', 'USA');
INSERT INTO bookstoredb.author (author_id, name, country) VALUES (63, 'Andrzej Sapkowski', 'Poland');
INSERT INTO bookstoredb.author (author_id, name, country) VALUES (64, 'Paul Johnson', 'England');
INSERT INTO bookstoredb.author (author_id, name, country) VALUES (65, 'Howard Zinn', 'USA');
INSERT INTO bookstoredb.author (author_id, name, country) VALUES (66, 'Will Durant', 'USA');
INSERT INTO bookstoredb.author (author_id, name, country) VALUES (67, 'Joyce Carol Oates', 'USA');
INSERT INTO bookstoredb.author (author_id, name, country) VALUES (68, 'Sara Clancy', 'Australia');
INSERT INTO bookstoredb.author (author_id, name, country) VALUES (69, 'T.J. Payne', 'Germany');
INSERT INTO bookstoredb.author (author_id, name, country) VALUES (70, 'Kendall Ryan', 'USA');
INSERT INTO bookstoredb.author (author_id, name, country) VALUES (71, 'Leeanna Morgan', 'New Zealand');
INSERT INTO bookstoredb.author (author_id, name, country) VALUES (72, 'Phil Knight', 'USA');
INSERT INTO bookstoredb.author (author_id, name, country) VALUES (73, 'Justin Timberlake', 'USA');
INSERT INTO bookstoredb.author (author_id, name, country) VALUES (74, 'Jonas Brother', 'USA');
INSERT INTO bookstoredb.author (author_id, name, country) VALUES (75, 'Elizabeth Gilbert', 'USA');
INSERT INTO bookstoredb.author (author_id, name, country) VALUES (76, 'Cait Flanders', 'Canada');
INSERT INTO bookstoredb.author (author_id, name, country) VALUES (77, 'Jay Shetty', 'India');
INSERT INTO bookstoredb.author (author_id, name, country) VALUES (78, 'Rupi Kaur', 'Canada');
INSERT INTO bookstoredb.author (author_id, name, country) VALUES (79, 'Lois Lowry', 'USA');
INSERT INTO bookstoredb.author (author_id, name, country) VALUES (80, 'Felicia Zamora', 'USA');
INSERT INTO bookstoredb.author (author_id, name, country) VALUES (81, 'Joyelle McSweeney', 'USA');
INSERT INTO bookstoredb.author (author_id, name, country) VALUES (82, 'Mark Manson', 'USA');
INSERT INTO bookstoredb.author (author_id, name, country) VALUES (83, 'David Goggins', 'USA');
INSERT INTO bookstoredb.author (author_id, name, country) VALUES (84, 'Henrik Werdelin', 'Denmark');
INSERT INTO bookstoredb.author (author_id, name, country) VALUES (85, 'Wendy Liu', 'USA');
INSERT INTO bookstoredb.author (author_id, name, country) VALUES (86, 'Eric Longenhagen', 'USA');
INSERT INTO bookstoredb.author (author_id, name, country) VALUES (87, 'Kiley McDaniel', 'USA');
INSERT INTO bookstoredb.author (author_id, name, country) VALUES (88, 'Leslie Jamison', 'USA');
INSERT INTO bookstoredb.author (author_id, name, country) VALUES (89, 'David Enrich', 'USA');
INSERT INTO bookstoredb.author (author_id, name, country) VALUES (90, 'Maggie Tokuda-Hall', 'USA');
INSERT INTO bookstoredb.author (author_id, name, country) VALUES (91, 'Stephanie Garber', 'USA');
INSERT INTO bookstoredb.author (author_id, name, country) VALUES (92, 'Amity Gaige', 'USA');
INSERT INTO bookstoredb.author (author_id, name, country) VALUES (93, 'Cole Nussbaumer Knaflic', 'USA');
INSERT INTO bookstoredb.author (author_id, name, country) VALUES (94, 'Ajay Agrawal', 'Canada');
INSERT INTO bookstoredb.author (author_id, name, country) VALUES (95, 'Joshua Gans', 'Australia');
INSERT INTO bookstoredb.author (author_id, name, country) VALUES (96, 'Thomas H. Cormen', 'USA');
INSERT INTO bookstoredb.author (author_id, name, country) VALUES (97, 'Charles E. Leiserson', 'Norway');
INSERT INTO bookstoredb.author (author_id, name, country) VALUES (98, 'Eric Freeman', 'USA');
INSERT INTO bookstoredb.author (author_id, name, country) VALUES (99, 'Kathy Sierra', 'USA');
INSERT INTO bookstoredb.author (author_id, name, country) VALUES (100, 'Eric Evans', 'England');
INSERT INTO bookstoredb.author (author_id, name, country) VALUES (101, 'David Crow', 'USA');
INSERT INTO bookstoredb.author (author_id, name, country) VALUES (102, 'Julia Andrew', 'England');
INSERT INTO bookstoredb.author (author_id, name, country) VALUES (103, 'Robert Atwan', 'USA');
INSERT INTO bookstoredb.author (author_id, name, country) VALUES (104, 'Samuel Cohen', 'England');

-- INSERT author_detail --------------
INSERT INTO bookstoredb.author_detail (author_id, book_id) VALUES (1, 1);
INSERT INTO bookstoredb.author_detail (author_id, book_id) VALUES (1, 2);
INSERT INTO bookstoredb.author_detail (author_id, book_id) VALUES (2, 3);
INSERT INTO bookstoredb.author_detail (author_id, book_id) VALUES (2, 4);
INSERT INTO bookstoredb.author_detail (author_id, book_id) VALUES (2, 5);
INSERT INTO bookstoredb.author_detail (author_id, book_id) VALUES (3, 6);
INSERT INTO bookstoredb.author_detail (author_id, book_id) VALUES (3, 7);
INSERT INTO bookstoredb.author_detail (author_id, book_id) VALUES (3, 8);
INSERT INTO bookstoredb.author_detail (author_id, book_id) VALUES (3, 9);
INSERT INTO bookstoredb.author_detail (author_id, book_id) VALUES (3, 10);
INSERT INTO bookstoredb.author_detail (author_id, book_id) VALUES (4, 11);
INSERT INTO bookstoredb.author_detail (author_id, book_id) VALUES (5, 12);
INSERT INTO bookstoredb.author_detail (author_id, book_id) VALUES (5, 13);
INSERT INTO bookstoredb.author_detail (author_id, book_id) VALUES (5, 14);
INSERT INTO bookstoredb.author_detail (author_id, book_id) VALUES (5, 15);
INSERT INTO bookstoredb.author_detail (author_id, book_id) VALUES (5, 16);
INSERT INTO bookstoredb.author_detail (author_id, book_id) VALUES (5, 17);
INSERT INTO bookstoredb.author_detail (author_id, book_id) VALUES (5, 18);
INSERT INTO bookstoredb.author_detail (author_id, book_id) VALUES (6, 19);
INSERT INTO bookstoredb.author_detail (author_id, book_id) VALUES (7, 20);
INSERT INTO bookstoredb.author_detail (author_id, book_id) VALUES (8, 21);
INSERT INTO bookstoredb.author_detail (author_id, book_id) VALUES (10, 22);
INSERT INTO bookstoredb.author_detail (author_id, book_id) VALUES (10, 23);
INSERT INTO bookstoredb.author_detail (author_id, book_id) VALUES (11, 24);
INSERT INTO bookstoredb.author_detail (author_id, book_id) VALUES (12, 24);
INSERT INTO bookstoredb.author_detail (author_id, book_id) VALUES (13, 24);
INSERT INTO bookstoredb.author_detail (author_id, book_id) VALUES (18, 25);
INSERT INTO bookstoredb.author_detail (author_id, book_id) VALUES (18, 26);
INSERT INTO bookstoredb.author_detail (author_id, book_id) VALUES (18, 27);
INSERT INTO bookstoredb.author_detail (author_id, book_id) VALUES (20, 28);
INSERT INTO bookstoredb.author_detail (author_id, book_id) VALUES (23, 29);
INSERT INTO bookstoredb.author_detail (author_id, book_id) VALUES (24, 30);
INSERT INTO bookstoredb.author_detail (author_id, book_id) VALUES (21, 31);
INSERT INTO bookstoredb.author_detail (author_id, book_id) VALUES (19, 32);
INSERT INTO bookstoredb.author_detail (author_id, book_id) VALUES (25, 33);
INSERT INTO bookstoredb.author_detail (author_id, book_id) VALUES (26, 34);
INSERT INTO bookstoredb.author_detail (author_id, book_id) VALUES (17, 35);
INSERT INTO bookstoredb.author_detail (author_id, book_id) VALUES (22, 36);
INSERT INTO bookstoredb.author_detail (author_id, book_id) VALUES (14, 37);
INSERT INTO bookstoredb.author_detail (author_id, book_id) VALUES (15, 38);
INSERT INTO bookstoredb.author_detail (author_id, book_id) VALUES (16, 39);
INSERT INTO bookstoredb.author_detail (author_id, book_id) VALUES (9, 40);
INSERT INTO bookstoredb.author_detail (author_id, book_id) VALUES (27, 41);
INSERT INTO bookstoredb.author_detail (author_id, book_id) VALUES (28, 42);
INSERT INTO bookstoredb.author_detail (author_id, book_id) VALUES (29, 43);
INSERT INTO bookstoredb.author_detail (author_id, book_id) VALUES (30, 44);
INSERT INTO bookstoredb.author_detail (author_id, book_id) VALUES (31, 45);
INSERT INTO bookstoredb.author_detail (author_id, book_id) VALUES (32, 46);
INSERT INTO bookstoredb.author_detail (author_id, book_id) VALUES (33, 47);
INSERT INTO bookstoredb.author_detail (author_id, book_id) VALUES (34, 48);
INSERT INTO bookstoredb.author_detail (author_id, book_id) VALUES (35, 49);
INSERT INTO bookstoredb.author_detail (author_id, book_id) VALUES (36, 50);
INSERT INTO bookstoredb.author_detail (author_id, book_id) VALUES (37, 51);
INSERT INTO bookstoredb.author_detail (author_id, book_id) VALUES (38, 52);
INSERT INTO bookstoredb.author_detail (author_id, book_id) VALUES (39, 53);
INSERT INTO bookstoredb.author_detail (author_id, book_id) VALUES (40, 54);
INSERT INTO bookstoredb.author_detail (author_id, book_id) VALUES (41, 55);
INSERT INTO bookstoredb.author_detail (author_id, book_id) VALUES (42, 56);
INSERT INTO bookstoredb.author_detail (author_id, book_id) VALUES (43, 57);
INSERT INTO bookstoredb.author_detail (author_id, book_id) VALUES (42, 58);
INSERT INTO bookstoredb.author_detail (author_id, book_id) VALUES (44, 59);
INSERT INTO bookstoredb.author_detail (author_id, book_id) VALUES (45, 60);
INSERT INTO bookstoredb.author_detail (author_id, book_id) VALUES (46, 61);
INSERT INTO bookstoredb.author_detail (author_id, book_id) VALUES (47, 62);
INSERT INTO bookstoredb.author_detail (author_id, book_id) VALUES (48, 63);
INSERT INTO bookstoredb.author_detail (author_id, book_id) VALUES (49, 64);
INSERT INTO bookstoredb.author_detail (author_id, book_id) VALUES (50, 65);
INSERT INTO bookstoredb.author_detail (author_id, book_id) VALUES (56, 66);
INSERT INTO bookstoredb.author_detail (author_id, book_id) VALUES (57, 67);
INSERT INTO bookstoredb.author_detail (author_id, book_id) VALUES (58, 68);
INSERT INTO bookstoredb.author_detail (author_id, book_id) VALUES (58, 69);
INSERT INTO bookstoredb.author_detail (author_id, book_id) VALUES (59, 70);
INSERT INTO bookstoredb.author_detail (author_id, book_id) VALUES (51, 71);
INSERT INTO bookstoredb.author_detail (author_id, book_id) VALUES (52, 72);
INSERT INTO bookstoredb.author_detail (author_id, book_id) VALUES (53, 73);
INSERT INTO bookstoredb.author_detail (author_id, book_id) VALUES (54, 74);
INSERT INTO bookstoredb.author_detail (author_id, book_id) VALUES (50, 75);
INSERT INTO bookstoredb.author_detail (author_id, book_id) VALUES (55, 76);
INSERT INTO bookstoredb.author_detail (author_id, book_id) VALUES (60, 77);
INSERT INTO bookstoredb.author_detail (author_id, book_id) VALUES (61, 78);
INSERT INTO bookstoredb.author_detail (author_id, book_id) VALUES (62, 79);
INSERT INTO bookstoredb.author_detail (author_id, book_id) VALUES (63, 80);
INSERT INTO bookstoredb.author_detail (author_id, book_id) VALUES (10, 81);
INSERT INTO bookstoredb.author_detail (author_id, book_id) VALUES (64, 82);
INSERT INTO bookstoredb.author_detail (author_id, book_id) VALUES (65, 83);
INSERT INTO bookstoredb.author_detail (author_id, book_id) VALUES (66, 84);
INSERT INTO bookstoredb.author_detail (author_id, book_id) VALUES (104, 85);
INSERT INTO bookstoredb.author_detail (author_id, book_id) VALUES (68, 86);
INSERT INTO bookstoredb.author_detail (author_id, book_id) VALUES (50, 87);
INSERT INTO bookstoredb.author_detail (author_id, book_id) VALUES (69, 88);
INSERT INTO bookstoredb.author_detail (author_id, book_id) VALUES (69, 89);
INSERT INTO bookstoredb.author_detail (author_id, book_id) VALUES (69, 90);
INSERT INTO bookstoredb.author_detail (author_id, book_id) VALUES (70, 91);
INSERT INTO bookstoredb.author_detail (author_id, book_id) VALUES (70, 92);
INSERT INTO bookstoredb.author_detail (author_id, book_id) VALUES (70, 93);
INSERT INTO bookstoredb.author_detail (author_id, book_id) VALUES (71, 94);
INSERT INTO bookstoredb.author_detail (author_id, book_id) VALUES (71, 95);
INSERT INTO bookstoredb.author_detail (author_id, book_id) VALUES (72, 96);
INSERT INTO bookstoredb.author_detail (author_id, book_id) VALUES (73, 97);
INSERT INTO bookstoredb.author_detail (author_id, book_id) VALUES (74, 98);
INSERT INTO bookstoredb.author_detail (author_id, book_id) VALUES (101, 99);
INSERT INTO bookstoredb.author_detail (author_id, book_id) VALUES (102, 100);
INSERT INTO bookstoredb.author_detail (author_id, book_id) VALUES (67, 101);
INSERT INTO bookstoredb.author_detail (author_id, book_id) VALUES (103, 101);
INSERT INTO bookstoredb.author_detail (author_id, book_id) VALUES (88, 102);
INSERT INTO bookstoredb.author_detail (author_id, book_id) VALUES (104, 103);
INSERT INTO bookstoredb.author_detail (author_id, book_id) VALUES (66, 104);
INSERT INTO bookstoredb.author_detail (author_id, book_id) VALUES (66, 105);
INSERT INTO bookstoredb.author_detail (author_id, book_id) VALUES (78, 106);
INSERT INTO bookstoredb.author_detail (author_id, book_id) VALUES (78, 107);
INSERT INTO bookstoredb.author_detail (author_id, book_id) VALUES (79, 108);
INSERT INTO bookstoredb.author_detail (author_id, book_id) VALUES (80, 109);
INSERT INTO bookstoredb.author_detail (author_id, book_id) VALUES (81, 110);
INSERT INTO bookstoredb.author_detail (author_id, book_id) VALUES (82, 111);
INSERT INTO bookstoredb.author_detail (author_id, book_id) VALUES (83, 112);
INSERT INTO bookstoredb.author_detail (author_id, book_id) VALUES (75, 113);
INSERT INTO bookstoredb.author_detail (author_id, book_id) VALUES (76, 114);
INSERT INTO bookstoredb.author_detail (author_id, book_id) VALUES (77, 115);
INSERT INTO bookstoredb.author_detail (author_id, book_id) VALUES (84, 116);
INSERT INTO bookstoredb.author_detail (author_id, book_id) VALUES (85, 117);
INSERT INTO bookstoredb.author_detail (author_id, book_id) VALUES (86, 118);
INSERT INTO bookstoredb.author_detail (author_id, book_id) VALUES (87, 118);
INSERT INTO bookstoredb.author_detail (author_id, book_id) VALUES (35, 119);
INSERT INTO bookstoredb.author_detail (author_id, book_id) VALUES (89, 120);
INSERT INTO bookstoredb.author_detail (author_id, book_id) VALUES (90, 121);
INSERT INTO bookstoredb.author_detail (author_id, book_id) VALUES (91, 122);
INSERT INTO bookstoredb.author_detail (author_id, book_id) VALUES (92, 123);
INSERT INTO bookstoredb.author_detail (author_id, book_id) VALUES (91, 124);
INSERT INTO bookstoredb.author_detail (author_id, book_id) VALUES (91, 125);
INSERT INTO bookstoredb.author_detail (author_id, book_id) VALUES (93, 126);
INSERT INTO bookstoredb.author_detail (author_id, book_id) VALUES (94, 127);
INSERT INTO bookstoredb.author_detail (author_id, book_id) VALUES (95, 127);
INSERT INTO bookstoredb.author_detail (author_id, book_id) VALUES (96, 128);
INSERT INTO bookstoredb.author_detail (author_id, book_id) VALUES (97, 128);
INSERT INTO bookstoredb.author_detail (author_id, book_id) VALUES (98, 129);
INSERT INTO bookstoredb.author_detail (author_id, book_id) VALUES (99, 129);
INSERT INTO bookstoredb.author_detail (author_id, book_id) VALUES (100, 130);

-- INSERT staff
INSERT INTO bookstoredb.staff (staff_id, name, hire_date, end_date, dob, address, phone, email, password, position) VALUES (1, 'Kathryne Rosingdall', '2019-05-07', null, '1996-01-11', '5631 Fallview Way', '3403269895', 'krosingdall0@cmu.edu', 'NGANKyRV', 'manager');
INSERT INTO bookstoredb.staff (staff_id, name, hire_date, end_date, dob, address, phone, email, password, position) VALUES (2, 'Filip Crimp', '2019-12-08', null, '1995-03-27', '861 Independence Center', '8573880116', 'fcrimp1@cpanel.net', 'Xb4mljSJ', 'cashier');
INSERT INTO bookstoredb.staff (staff_id, name, hire_date, end_date, dob, address, phone, email, password, position) VALUES (3, 'Ree Amer', '2020-01-22', null, '1992-02-05', '47 Hoffman Avenue', '5088960232', 'ramer2@about.com', 'CTuVucmqTz', 'cashier');
INSERT INTO bookstoredb.staff (staff_id, name, hire_date, end_date, dob, address, phone, email, password, position) VALUES (4, 'Flo Marmyon', '2020-05-25', null, '1998-12-02', '77 Kings Park', '6239229277', 'fmarmyon3@hhs.gov', 'px1QF3tpDMM', 'cashier');
INSERT INTO bookstoredb.staff (staff_id, name, hire_date, end_date, dob, address, phone, email, password, position) VALUES (5, 'Victor Steels', '2018-06-27', null, '1997-03-21', '12777 Chive Center', '9219255760', 'vsteels4@prnewswire.com', 'WziuuaxQ', 'cashier');
INSERT INTO bookstoredb.staff (staff_id, name, hire_date, end_date, dob, address, phone, email, password, position) VALUES (6, 'Frieda Cubbini', '2020-05-22', null, '1997-02-14', '973 Blaine Drive', '2871304313', 'fcubbini5@accuweather.com', 'aapOZsqwMwE', 'assistant');
INSERT INTO bookstoredb.staff (staff_id, name, hire_date, end_date, dob, address, phone, email, password, position) VALUES (7, 'Sher Kentwell', '2018-10-16', null, '1991-04-21', '910 Grayhawk Hill', '3163508105', 'skentwell6@mac.com', 'r9GMQXP', 'assistant');
INSERT INTO bookstoredb.staff (staff_id, name, hire_date, end_date, dob, address, phone, email, password, position) VALUES (8, 'Sergio Bolger', '2018-12-30', null, '1992-07-15', '015 Portage Street', '8136768834', 'sbolger7@mayoclinic.com', 'gWwLf7UC0y', 'assistant');
INSERT INTO bookstoredb.staff (staff_id, name, hire_date, end_date, dob, address, phone, email, password, position) VALUES (9, 'Myrna Stinton', '2019-08-28', null, '1994-01-12', '64 Rockefeller Alley', '1516004282', 'mstinton8@tinyurl.com', 'cztWtstCXWB', 'security');
INSERT INTO bookstoredb.staff (staff_id, name, hire_date, end_date, dob, address, phone, email, password, position) VALUES (10, 'Prisca McGowing', '2020-03-29', null, '1990-10-22', '2344 Amoth Junction', '9752365750', 'pmcgowing9@livejournal.com', 'qhh8ugLe', 'security');
INSERT INTO bookstoredb.staff (staff_id, name, hire_date, end_date, dob, address, phone, email, password, position) VALUES (11, 'Roxine Gotobed', '2018-11-15', null, '1993-11-02', '478 Lunder Point', '2289829494', 'rgotobeda@bloomberg.com', 'uFosKUHm', 'cleaner');
INSERT INTO bookstoredb.staff (staff_id, name, hire_date, end_date, dob, address, phone, email, password, position) VALUES (12, 'Franz Sand', '2018-07-29', null, '2000-02-07', '314 Dayton Parkway', '6876662560', 'fsandb@vinaora.com', 'oBLLUA', 'cleaner');

-- INSERT customer
INSERT INTO bookstoredb.customer (customer_id, name, address, phone, email) VALUES (1, 'Karlen Pablos', '1375 Sutteridge Hill', '1023242128', 'kpablos0@nymag.com');
INSERT INTO bookstoredb.customer (customer_id, name, address, phone, email) VALUES (2, 'Claudette Dowsey', '7645 Bartillon Junction', '5762584614', 'cdowsey1@nydailynews.com');
INSERT INTO bookstoredb.customer (customer_id, name, address, phone, email) VALUES (3, 'Loutitia Imesson', '78 Meadow Valley Parkway', '7729442420', 'limesson2@apple.com');
INSERT INTO bookstoredb.customer (customer_id, name, address, phone, email) VALUES (4, 'Raquel Jewitt', '91976 Fremont Way', '9738515815', 'rjewitt3@slideshare.net');
INSERT INTO bookstoredb.customer (customer_id, name, address, phone, email) VALUES (5, 'Bunny David', '42 Kennedy Crossing', '1981941092', 'bdavid4@examiner.com');
INSERT INTO bookstoredb.customer (customer_id, name, address, phone, email) VALUES (6, 'Marven Binstead', '5 Rutledge Point', '9592971517', 'mbinstead5@seattletimes.com');
INSERT INTO bookstoredb.customer (customer_id, name, address, phone, email) VALUES (7, 'Patrice Purselowe', '9697 Fieldstone Alley', '8252063263', 'ppurselowe6@go.com');
INSERT INTO bookstoredb.customer (customer_id, name, address, phone, email) VALUES (8, 'Chaddie Coronas', '54318 Mitchell Center', '4348164285', 'ccoronas7@linkedin.com');
INSERT INTO bookstoredb.customer (customer_id, name, address, phone, email) VALUES (9, 'Michal Duckhouse', '0 Spenser Crossing', '3723826702', 'mduckhouse8@kickstarter.com');
INSERT INTO bookstoredb.customer (customer_id, name, address, phone, email) VALUES (10, 'Karylin Hainey', '7 Manley Alley', '3243358747', 'khainey9@sciencedaily.com');
INSERT INTO bookstoredb.customer (customer_id, name, address, phone, email) VALUES (11, 'Ash Maidlow', '992 Logan Circle', '3356267919', 'amaidlowa@foxnews.com');
INSERT INTO bookstoredb.customer (customer_id, name, address, phone, email) VALUES (12, 'Correna Rodear', '02 Johnson Crossing', '7267715015', 'crodearb@ucsd.edu');
INSERT INTO bookstoredb.customer (customer_id, name, address, phone, email) VALUES (13, 'Anatollo Walshe', '0 Rigney Avenue', '1738912219', 'awalshec@sphinn.com');
INSERT INTO bookstoredb.customer (customer_id, name, address, phone, email) VALUES (14, 'Way Lamort', '48329 Bellgrove Court', '8602699555', 'wlamortd@ucoz.ru');
INSERT INTO bookstoredb.customer (customer_id, name, address, phone, email) VALUES (15, 'Salvatore Farley', '13804 7th Court', '6734578442', 'sfarleye@360.cn');
INSERT INTO bookstoredb.customer (customer_id, name, address, phone, email) VALUES (16, 'Valeria Cheley', '7 Gerald Center', '9048761126', 'vcheleyf@exblog.jp');
INSERT INTO bookstoredb.customer (customer_id, name, address, phone, email) VALUES (17, 'Garald Goodliff', '41 Stephen Park', '7337692771', 'ggoodliffg@purevolume.com');
INSERT INTO bookstoredb.customer (customer_id, name, address, phone, email) VALUES (18, 'Gladys Aime', '758 Hauk Crossing', '7871651309', 'gaimeh@admin.ch');
INSERT INTO bookstoredb.customer (customer_id, name, address, phone, email) VALUES (19, 'Ruth Klimowski', '13 Twin Pines Road', '8042533372', 'rklimowskii@zdnet.com');
INSERT INTO bookstoredb.customer (customer_id, name, address, phone, email) VALUES (20, 'Nels Pavie', '8 Mccormick Circle', '7835450745', 'npaviej@opera.com');
INSERT INTO bookstoredb.customer (customer_id, name, address, phone, email) VALUES (21, 'Darell Whittet', '4706 Hanover Alley', '2812077182', 'dwhittetk@nps.gov');
INSERT INTO bookstoredb.customer (customer_id, name, address, phone, email) VALUES (22, 'Jim Feake', '7063 Esch Center', '8926478663', 'jfeakel@nationalgeographic.com');
INSERT INTO bookstoredb.customer (customer_id, name, address, phone, email) VALUES (23, 'Happy Skelton', '9653 Schurz Plaza', '9441653169', 'hskeltonm@psu.edu');
INSERT INTO bookstoredb.customer (customer_id, name, address, phone, email) VALUES (24, 'Tally Buckler', '052 Morning Street', '7737392017', 'tbucklern@goo.ne.jp');
INSERT INTO bookstoredb.customer (customer_id, name, address, phone, email) VALUES (25, 'Davina Grote', '5898 Commercial Pass', '4281801861', 'dgroteo@drupal.org');
INSERT INTO bookstoredb.customer (customer_id, name, address, phone, email) VALUES (26, 'Archibold Del Checolo', '33537 Dennis Street', '8831660076', 'adelp@list-manage.com');
INSERT INTO bookstoredb.customer (customer_id, name, address, phone, email) VALUES (27, 'Tallou Madle', '26150 La Follette Place', '1665223978', 'tmadleq@mlb.com');
INSERT INTO bookstoredb.customer (customer_id, name, address, phone, email) VALUES (28, 'Rozalin Lehrmann', '2 Reinke Junction', '4799138644', 'rlehrmannr@dion.ne.jp');
INSERT INTO bookstoredb.customer (customer_id, name, address, phone, email) VALUES (29, 'Goldia Arundel', '07 School Circle', '4794428297', 'garundels@webnode.com');
INSERT INTO bookstoredb.customer (customer_id, name, address, phone, email) VALUES (30, 'Floria Syphus', '1 Birchwood Way', '2352231084', 'fsyphust@freewebs.com');
INSERT INTO bookstoredb.customer (customer_id, name, address, phone, email) VALUES (31, 'Winn Frantsev', '5 Mallory Avenue', '8576249533', 'wfrantsevu@taobao.com');
INSERT INTO bookstoredb.customer (customer_id, name, address, phone, email) VALUES (32, 'Warde Servis', '30 Shoshone Terrace', '8342611595', 'wservisv@fotki.com');
INSERT INTO bookstoredb.customer (customer_id, name, address, phone, email) VALUES (33, 'Ardath Reinhard', '908 Buena Vista Alley', '9188836103', 'areinhardw@facebook.com');
INSERT INTO bookstoredb.customer (customer_id, name, address, phone, email) VALUES (34, 'Dyna Ruppeli', '8685 Oak Valley Avenue', '9934307595', 'druppelix@un.org');
INSERT INTO bookstoredb.customer (customer_id, name, address, phone, email) VALUES (35, 'Archibald Twinning', '3 Katie Terrace', '7509814252', 'atwinningy@apache.org');
INSERT INTO bookstoredb.customer (customer_id, name, address, phone, email) VALUES (36, 'Clarine Brokenbrow', '00 Summit Avenue', '4075774380', 'cbrokenbrowz@sciencedaily.com');
INSERT INTO bookstoredb.customer (customer_id, name, address, phone, email) VALUES (37, 'Jeniffer Gibling', '218 Delladonna Center', '5674141996', 'jgibling10@ihg.com');
INSERT INTO bookstoredb.customer (customer_id, name, address, phone, email) VALUES (38, 'Ricardo Fullagar', '30196 Truax Court', '1026765527', 'rfullagar11@discuz.net');
INSERT INTO bookstoredb.customer (customer_id, name, address, phone, email) VALUES (39, 'Elsi Jeary', '8199 Boyd Crossing', '9227270621', 'ejeary12@issuu.com');
INSERT INTO bookstoredb.customer (customer_id, name, address, phone, email) VALUES (40, 'Dexter Kirley', '1 Stephen Alley', '2989577223', 'dkirley13@reddit.com');
INSERT INTO bookstoredb.customer (customer_id, name, address, phone, email) VALUES (41, 'Susan Jills', '4 Shopko Avenue', '4843028509', 'sjills14@intel.com');
INSERT INTO bookstoredb.customer (customer_id, name, address, phone, email) VALUES (42, 'Xylia Cranstone', '19 Washington Hill', '2773505643', 'xcranstone15@blogs.com');
INSERT INTO bookstoredb.customer (customer_id, name, address, phone, email) VALUES (43, 'Jasmin Riba', '57 Old Gate Alley', '5757932327', 'jriba16@bbb.org');
INSERT INTO bookstoredb.customer (customer_id, name, address, phone, email) VALUES (44, 'Myrtia Orpin', '9045 Jackson Crossing', '4596790365', 'morpin17@gov.uk');
INSERT INTO bookstoredb.customer (customer_id, name, address, phone, email) VALUES (45, 'Gratia Grisewood', '6 Anhalt Way', '1028182079', 'ggrisewood18@bloomberg.com');
INSERT INTO bookstoredb.customer (customer_id, name, address, phone, email) VALUES (46, 'Claresta Cowitz', '7873 Moulton Parkway', '1938208165', 'ccowitz19@yahoo.com');
INSERT INTO bookstoredb.customer (customer_id, name, address, phone, email) VALUES (47, 'Arielle Losano', '5 Blue Bill Park Junction', '9408660294', 'alosano1a@addtoany.com');
INSERT INTO bookstoredb.customer (customer_id, name, address, phone, email) VALUES (48, 'Mozes Towlson', '33443 Gulseth Lane', '1186407907', 'mtowlson1b@360.cn');
INSERT INTO bookstoredb.customer (customer_id, name, address, phone, email) VALUES (49, 'Robby Weldrake', '19258 8th Street', '6126762406', 'rweldrake1c@nyu.edu');
INSERT INTO bookstoredb.customer (customer_id, name, address, phone, email) VALUES (50, 'Manny Reeman', '1 Grim Crossing', '6684271052', 'mreeman1d@webmd.com');

-- INSERT ORDERS
INSERT INTO bookstoredb.orders (order_id, customer_id, staff_id, order_date, total_bill) VALUES (1, 6, 4, '2019-01-24', 0);
INSERT INTO bookstoredb.orders (order_id, customer_id, staff_id, order_date, total_bill) VALUES (2, 10, 5, '2019-07-25', 0);
INSERT INTO bookstoredb.orders (order_id, customer_id, staff_id, order_date, total_bill) VALUES (3, 34, 2, '2019-08-04', 0);
INSERT INTO bookstoredb.orders (order_id, customer_id, staff_id, order_date, total_bill) VALUES (4, 14, 2, '2020-01-28', 0);
INSERT INTO bookstoredb.orders (order_id, customer_id, staff_id, order_date, total_bill) VALUES (5, 46, 5, '2019-04-12', 0);
INSERT INTO bookstoredb.orders (order_id, customer_id, staff_id, order_date, total_bill) VALUES (6, 7, 5, '2019-07-06', 0);
INSERT INTO bookstoredb.orders (order_id, customer_id, staff_id, order_date, total_bill) VALUES (7, 37, 3, '2019-06-17', 0);
INSERT INTO bookstoredb.orders (order_id, customer_id, staff_id, order_date, total_bill) VALUES (8, 33, 3, '2019-05-13', 0);
INSERT INTO bookstoredb.orders (order_id, customer_id, staff_id, order_date, total_bill) VALUES (9, 39, 3, '2018-11-13', 0);
INSERT INTO bookstoredb.orders (order_id, customer_id, staff_id, order_date, total_bill) VALUES (10, 6, 2, '2020-03-06', 0);
INSERT INTO bookstoredb.orders (order_id, customer_id, staff_id, order_date, total_bill) VALUES (11, 34, 3, '2019-03-20', 0);
INSERT INTO bookstoredb.orders (order_id, customer_id, staff_id, order_date, total_bill) VALUES (12, 33, 2, '2019-06-21', 0);
INSERT INTO bookstoredb.orders (order_id, customer_id, staff_id, order_date, total_bill) VALUES (13, 9, 5, '2018-10-31', 0);
INSERT INTO bookstoredb.orders (order_id, customer_id, staff_id, order_date, total_bill) VALUES (14, 14, 2, '2020-05-17', 0);
INSERT INTO bookstoredb.orders (order_id, customer_id, staff_id, order_date, total_bill) VALUES (15, 16, 4, '2019-10-27', 0);
INSERT INTO bookstoredb.orders (order_id, customer_id, staff_id, order_date, total_bill) VALUES (16, 41, 4, '2019-08-14', 0);
INSERT INTO bookstoredb.orders (order_id, customer_id, staff_id, order_date, total_bill) VALUES (17, 36, 2, '2019-11-13', 0);
INSERT INTO bookstoredb.orders (order_id, customer_id, staff_id, order_date, total_bill) VALUES (18, 44, 3, '2018-11-26', 0);
INSERT INTO bookstoredb.orders (order_id, customer_id, staff_id, order_date, total_bill) VALUES (19, 14, 5, '2019-11-05', 0);
INSERT INTO bookstoredb.orders (order_id, customer_id, staff_id, order_date, total_bill) VALUES (20, 14, 4, '2019-06-27', 0);
INSERT INTO bookstoredb.orders (order_id, customer_id, staff_id, order_date, total_bill) VALUES (21, 29, 2, '2019-04-20', 0);
INSERT INTO bookstoredb.orders (order_id, customer_id, staff_id, order_date, total_bill) VALUES (22, 29, 4, '2019-09-23', 0);
INSERT INTO bookstoredb.orders (order_id, customer_id, staff_id, order_date, total_bill) VALUES (23, 13, 4, '2020-05-22', 0);
INSERT INTO bookstoredb.orders (order_id, customer_id, staff_id, order_date, total_bill) VALUES (24, 17, 5, '2018-11-03', 0);
INSERT INTO bookstoredb.orders (order_id, customer_id, staff_id, order_date, total_bill) VALUES (25, 27, 5, '2019-09-10', 0);
INSERT INTO bookstoredb.orders (order_id, customer_id, staff_id, order_date, total_bill) VALUES (26, 36, 2, '2020-02-16', 0);
INSERT INTO bookstoredb.orders (order_id, customer_id, staff_id, order_date, total_bill) VALUES (27, 30, 3, '2019-02-01', 0);
INSERT INTO bookstoredb.orders (order_id, customer_id, staff_id, order_date, total_bill) VALUES (28, 42, 5, '2019-03-15', 0);
INSERT INTO bookstoredb.orders (order_id, customer_id, staff_id, order_date, total_bill) VALUES (29, 11, 4, '2019-11-16', 0);
INSERT INTO bookstoredb.orders (order_id, customer_id, staff_id, order_date, total_bill) VALUES (30, 42, 3, '2019-06-29', 0);
INSERT INTO bookstoredb.orders (order_id, customer_id, staff_id, order_date, total_bill) VALUES (31, 46, 4, '2020-02-11', 0);
INSERT INTO bookstoredb.orders (order_id, customer_id, staff_id, order_date, total_bill) VALUES (32, 16, 3, '2019-03-12', 0);
INSERT INTO bookstoredb.orders (order_id, customer_id, staff_id, order_date, total_bill) VALUES (33, 19, 4, '2019-01-21', 0);
INSERT INTO bookstoredb.orders (order_id, customer_id, staff_id, order_date, total_bill) VALUES (34, 42, 5, '2019-05-17', 0);
INSERT INTO bookstoredb.orders (order_id, customer_id, staff_id, order_date, total_bill) VALUES (35, 34, 3, '2019-10-19', 0);
INSERT INTO bookstoredb.orders (order_id, customer_id, staff_id, order_date, total_bill) VALUES (36, 25, 4, '2018-12-08', 0);
INSERT INTO bookstoredb.orders (order_id, customer_id, staff_id, order_date, total_bill) VALUES (37, 44, 2, '2019-11-20', 0);
INSERT INTO bookstoredb.orders (order_id, customer_id, staff_id, order_date, total_bill) VALUES (38, 44, 5, '2019-08-19', 0);
INSERT INTO bookstoredb.orders (order_id, customer_id, staff_id, order_date, total_bill) VALUES (39, 41, 2, '2018-12-29', 0);
INSERT INTO bookstoredb.orders (order_id, customer_id, staff_id, order_date, total_bill) VALUES (40, 38, 4, '2019-03-14', 0);
INSERT INTO bookstoredb.orders (order_id, customer_id, staff_id, order_date, total_bill) VALUES (41, 27, 5, '2020-02-16', 0);
INSERT INTO bookstoredb.orders (order_id, customer_id, staff_id, order_date, total_bill) VALUES (42, 13, 5, '2019-08-14', 0);
INSERT INTO bookstoredb.orders (order_id, customer_id, staff_id, order_date, total_bill) VALUES (43, 24, 3, '2020-05-10', 0);
INSERT INTO bookstoredb.orders (order_id, customer_id, staff_id, order_date, total_bill) VALUES (44, 25, 3, '2019-07-12', 0);
INSERT INTO bookstoredb.orders (order_id, customer_id, staff_id, order_date, total_bill) VALUES (45, 28, 4, '2019-08-26', 0);
INSERT INTO bookstoredb.orders (order_id, customer_id, staff_id, order_date, total_bill) VALUES (46, 21, 2, '2019-10-11', 0);
INSERT INTO bookstoredb.orders (order_id, customer_id, staff_id, order_date, total_bill) VALUES (47, 11, 5, '2020-02-15', 0);
INSERT INTO bookstoredb.orders (order_id, customer_id, staff_id, order_date, total_bill) VALUES (48, 42, 4, '2018-12-05', 0);
INSERT INTO bookstoredb.orders (order_id, customer_id, staff_id, order_date, total_bill) VALUES (49, 40, 5, '2019-12-24', 0);
INSERT INTO bookstoredb.orders (order_id, customer_id, staff_id, order_date, total_bill) VALUES (50, 29, 2, '2019-07-24', 0);
INSERT INTO bookstoredb.orders (order_id, customer_id, staff_id, order_date, total_bill) VALUES (51, 44, 4, '2019-03-27', 0);
INSERT INTO bookstoredb.orders (order_id, customer_id, staff_id, order_date, total_bill) VALUES (52, 28, 2, '2019-05-11', 0);
INSERT INTO bookstoredb.orders (order_id, customer_id, staff_id, order_date, total_bill) VALUES (53, 25, 5, '2020-04-12', 0);
INSERT INTO bookstoredb.orders (order_id, customer_id, staff_id, order_date, total_bill) VALUES (54, 30, 3, '2019-10-12', 0);
INSERT INTO bookstoredb.orders (order_id, customer_id, staff_id, order_date, total_bill) VALUES (55, 9, 5, '2019-08-21', 0);
INSERT INTO bookstoredb.orders (order_id, customer_id, staff_id, order_date, total_bill) VALUES (56, 17, 2, '2019-12-19', 0);
INSERT INTO bookstoredb.orders (order_id, customer_id, staff_id, order_date, total_bill) VALUES (57, 37, 5, '2018-10-06', 0);
INSERT INTO bookstoredb.orders (order_id, customer_id, staff_id, order_date, total_bill) VALUES (58, 45, 4, '2019-11-30', 0);
INSERT INTO bookstoredb.orders (order_id, customer_id, staff_id, order_date, total_bill) VALUES (59, 49, 3, '2019-05-22', 0);
INSERT INTO bookstoredb.orders (order_id, customer_id, staff_id, order_date, total_bill) VALUES (60, 12, 2, '2018-12-25', 0);
INSERT INTO bookstoredb.orders (order_id, customer_id, staff_id, order_date, total_bill) VALUES (61, 1, 5, '2020-04-02', 0);
INSERT INTO bookstoredb.orders (order_id, customer_id, staff_id, order_date, total_bill) VALUES (62, 39, 4, '2019-04-10', 0);
INSERT INTO bookstoredb.orders (order_id, customer_id, staff_id, order_date, total_bill) VALUES (63, 3, 2, '2019-04-20', 0);
INSERT INTO bookstoredb.orders (order_id, customer_id, staff_id, order_date, total_bill) VALUES (64, 1, 4, '2018-12-12', 0);
INSERT INTO bookstoredb.orders (order_id, customer_id, staff_id, order_date, total_bill) VALUES (65, 28, 3, '2019-04-07', 0);
INSERT INTO bookstoredb.orders (order_id, customer_id, staff_id, order_date, total_bill) VALUES (66, 39, 4, '2019-09-20', 0);
INSERT INTO bookstoredb.orders (order_id, customer_id, staff_id, order_date, total_bill) VALUES (67, 6, 4, '2019-11-24', 0);
INSERT INTO bookstoredb.orders (order_id, customer_id, staff_id, order_date, total_bill) VALUES (68, 45, 3, '2020-04-23', 0);
INSERT INTO bookstoredb.orders (order_id, customer_id, staff_id, order_date, total_bill) VALUES (69, 37, 2, '2019-04-05', 0);
INSERT INTO bookstoredb.orders (order_id, customer_id, staff_id, order_date, total_bill) VALUES (70, 22, 4, '2018-11-08', 0);
INSERT INTO bookstoredb.orders (order_id, customer_id, staff_id, order_date, total_bill) VALUES (71, 24, 3, '2019-10-04', 0);
INSERT INTO bookstoredb.orders (order_id, customer_id, staff_id, order_date, total_bill) VALUES (72, 31, 3, '2018-11-09', 0);
INSERT INTO bookstoredb.orders (order_id, customer_id, staff_id, order_date, total_bill) VALUES (73, 46, 4, '2019-08-19', 0);
INSERT INTO bookstoredb.orders (order_id, customer_id, staff_id, order_date, total_bill) VALUES (74, 2, 3, '2020-01-11', 0);
INSERT INTO bookstoredb.orders (order_id, customer_id, staff_id, order_date, total_bill) VALUES (75, 13, 2, '2019-08-16', 0);
INSERT INTO bookstoredb.orders (order_id, customer_id, staff_id, order_date, total_bill) VALUES (76, 49, 5, '2019-06-29', 0);
INSERT INTO bookstoredb.orders (order_id, customer_id, staff_id, order_date, total_bill) VALUES (77, 45, 4, '2020-02-16', 0);
INSERT INTO bookstoredb.orders (order_id, customer_id, staff_id, order_date, total_bill) VALUES (78, 43, 5, '2020-02-19', 0);
INSERT INTO bookstoredb.orders (order_id, customer_id, staff_id, order_date, total_bill) VALUES (79, 26, 3, '2019-02-06', 0);
INSERT INTO bookstoredb.orders (order_id, customer_id, staff_id, order_date, total_bill) VALUES (80, 43, 5, '2020-03-16', 0);
INSERT INTO bookstoredb.orders (order_id, customer_id, staff_id, order_date, total_bill) VALUES (81, 41, 4, '2019-05-26', 0);
INSERT INTO bookstoredb.orders (order_id, customer_id, staff_id, order_date, total_bill) VALUES (82, 45, 3, '2020-05-02', 0);
INSERT INTO bookstoredb.orders (order_id, customer_id, staff_id, order_date, total_bill) VALUES (83, 9, 4, '2019-10-09', 0);
INSERT INTO bookstoredb.orders (order_id, customer_id, staff_id, order_date, total_bill) VALUES (84, 10, 4, '2019-10-21', 0);
INSERT INTO bookstoredb.orders (order_id, customer_id, staff_id, order_date, total_bill) VALUES (85, 6, 4, '2020-03-16', 0);
INSERT INTO bookstoredb.orders (order_id, customer_id, staff_id, order_date, total_bill) VALUES (86, 44, 2, '2020-04-24', 0);
INSERT INTO bookstoredb.orders (order_id, customer_id, staff_id, order_date, total_bill) VALUES (87, 34, 4, '2019-11-11', 0);
INSERT INTO bookstoredb.orders (order_id, customer_id, staff_id, order_date, total_bill) VALUES (88, 21, 3, '2019-05-24', 0);
INSERT INTO bookstoredb.orders (order_id, customer_id, staff_id, order_date, total_bill) VALUES (89, 44, 2, '2020-01-13', 0);
INSERT INTO bookstoredb.orders (order_id, customer_id, staff_id, order_date, total_bill) VALUES (90, 11, 2, '2019-11-01', 0);
INSERT INTO bookstoredb.orders (order_id, customer_id, staff_id, order_date, total_bill) VALUES (91, 10, 5, '2020-04-18', 0);
INSERT INTO bookstoredb.orders (order_id, customer_id, staff_id, order_date, total_bill) VALUES (92, 28, 3, '2019-11-28', 0);
INSERT INTO bookstoredb.orders (order_id, customer_id, staff_id, order_date, total_bill) VALUES (93, 21, 5, '2018-10-13', 0);
INSERT INTO bookstoredb.orders (order_id, customer_id, staff_id, order_date, total_bill) VALUES (94, 36, 2, '2020-01-30', 0);
INSERT INTO bookstoredb.orders (order_id, customer_id, staff_id, order_date, total_bill) VALUES (95, 16, 2, '2020-05-25', 0);
INSERT INTO bookstoredb.orders (order_id, customer_id, staff_id, order_date, total_bill) VALUES (96, 3, 3, '2019-09-19', 0);
INSERT INTO bookstoredb.orders (order_id, customer_id, staff_id, order_date, total_bill) VALUES (97, 39, 5, '2020-03-17', 0);
INSERT INTO bookstoredb.orders (order_id, customer_id, staff_id, order_date, total_bill) VALUES (98, 19, 5, '2019-01-29', 0);
INSERT INTO bookstoredb.orders (order_id, customer_id, staff_id, order_date, total_bill) VALUES (99, 21, 3, '2019-09-23', 0);
INSERT INTO bookstoredb.orders (order_id, customer_id, staff_id, order_date, total_bill) VALUES (100, 15, 3, '2018-12-28', 0); 

-- INSERT ORDER DETAILS
INSERT INTO bookstoredb.order_detail (book_id, order_id, quantity) VALUES (1, 30, 3);
INSERT INTO bookstoredb.order_detail (book_id, order_id, quantity) VALUES (1, 39, 2);
INSERT INTO bookstoredb.order_detail (book_id, order_id, quantity) VALUES (1, 53, 2);
INSERT INTO bookstoredb.order_detail (book_id, order_id, quantity) VALUES (1, 58, 1);
INSERT INTO bookstoredb.order_detail (book_id, order_id, quantity) VALUES (1, 66, 2);
INSERT INTO bookstoredb.order_detail (book_id, order_id, quantity) VALUES (1, 75, 1);
INSERT INTO bookstoredb.order_detail (book_id, order_id, quantity) VALUES (1, 87, 3);
INSERT INTO bookstoredb.order_detail (book_id, order_id, quantity) VALUES (1, 99, 16);
INSERT INTO bookstoredb.order_detail (book_id, order_id, quantity) VALUES (2, 20, 3);
INSERT INTO bookstoredb.order_detail (book_id, order_id, quantity) VALUES (2, 55, 3);
INSERT INTO bookstoredb.order_detail (book_id, order_id, quantity) VALUES (2, 57, 2);
INSERT INTO bookstoredb.order_detail (book_id, order_id, quantity) VALUES (2, 66, 2);
INSERT INTO bookstoredb.order_detail (book_id, order_id, quantity) VALUES (3, 43, 1);
INSERT INTO bookstoredb.order_detail (book_id, order_id, quantity) VALUES (3, 98, 1);
INSERT INTO bookstoredb.order_detail (book_id, order_id, quantity) VALUES (4, 10, 3);
INSERT INTO bookstoredb.order_detail (book_id, order_id, quantity) VALUES (4, 24, 1);
INSERT INTO bookstoredb.order_detail (book_id, order_id, quantity) VALUES (4, 28, 3);
INSERT INTO bookstoredb.order_detail (book_id, order_id, quantity) VALUES (4, 33, 3);
INSERT INTO bookstoredb.order_detail (book_id, order_id, quantity) VALUES (5, 20, 3);
INSERT INTO bookstoredb.order_detail (book_id, order_id, quantity) VALUES (5, 32, 3);
INSERT INTO bookstoredb.order_detail (book_id, order_id, quantity) VALUES (5, 45, 2);
INSERT INTO bookstoredb.order_detail (book_id, order_id, quantity) VALUES (5, 59, 3);
INSERT INTO bookstoredb.order_detail (book_id, order_id, quantity) VALUES (6, 27, 3);
INSERT INTO bookstoredb.order_detail (book_id, order_id, quantity) VALUES (6, 36, 2);
INSERT INTO bookstoredb.order_detail (book_id, order_id, quantity) VALUES (6, 50, 3);
INSERT INTO bookstoredb.order_detail (book_id, order_id, quantity) VALUES (6, 70, 1);
INSERT INTO bookstoredb.order_detail (book_id, order_id, quantity) VALUES (6, 79, 3);
INSERT INTO bookstoredb.order_detail (book_id, order_id, quantity) VALUES (6, 93, 1);
INSERT INTO bookstoredb.order_detail (book_id, order_id, quantity) VALUES (7, 22, 3);
INSERT INTO bookstoredb.order_detail (book_id, order_id, quantity) VALUES (7, 44, 3);
INSERT INTO bookstoredb.order_detail (book_id, order_id, quantity) VALUES (7, 86, 3);
INSERT INTO bookstoredb.order_detail (book_id, order_id, quantity) VALUES (9, 50, 3);
INSERT INTO bookstoredb.order_detail (book_id, order_id, quantity) VALUES (9, 88, 2);
INSERT INTO bookstoredb.order_detail (book_id, order_id, quantity) VALUES (10, 17, 3);
INSERT INTO bookstoredb.order_detail (book_id, order_id, quantity) VALUES (10, 48, 2);
INSERT INTO bookstoredb.order_detail (book_id, order_id, quantity) VALUES (10, 57, 1);
INSERT INTO bookstoredb.order_detail (book_id, order_id, quantity) VALUES (10, 84, 1);
INSERT INTO bookstoredb.order_detail (book_id, order_id, quantity) VALUES (11, 8, 1);
INSERT INTO bookstoredb.order_detail (book_id, order_id, quantity) VALUES (11, 59, 2);
INSERT INTO bookstoredb.order_detail (book_id, order_id, quantity) VALUES (11, 63, 1);
INSERT INTO bookstoredb.order_detail (book_id, order_id, quantity) VALUES (11, 65, 1);
INSERT INTO bookstoredb.order_detail (book_id, order_id, quantity) VALUES (11, 74, 1);
INSERT INTO bookstoredb.order_detail (book_id, order_id, quantity) VALUES (11, 89, 1);
INSERT INTO bookstoredb.order_detail (book_id, order_id, quantity) VALUES (11, 93, 1);
INSERT INTO bookstoredb.order_detail (book_id, order_id, quantity) VALUES (12, 29, 3);
INSERT INTO bookstoredb.order_detail (book_id, order_id, quantity) VALUES (12, 49, 3);
INSERT INTO bookstoredb.order_detail (book_id, order_id, quantity) VALUES (13, 19, 3);
INSERT INTO bookstoredb.order_detail (book_id, order_id, quantity) VALUES (13, 40, 1);
INSERT INTO bookstoredb.order_detail (book_id, order_id, quantity) VALUES (13, 77, 2);
INSERT INTO bookstoredb.order_detail (book_id, order_id, quantity) VALUES (14, 64, 1);
INSERT INTO bookstoredb.order_detail (book_id, order_id, quantity) VALUES (14, 91, 1);
INSERT INTO bookstoredb.order_detail (book_id, order_id, quantity) VALUES (14, 100, 2);
INSERT INTO bookstoredb.order_detail (book_id, order_id, quantity) VALUES (15, 6, 3);
INSERT INTO bookstoredb.order_detail (book_id, order_id, quantity) VALUES (15, 11, 1);
INSERT INTO bookstoredb.order_detail (book_id, order_id, quantity) VALUES (15, 21, 3);
INSERT INTO bookstoredb.order_detail (book_id, order_id, quantity) VALUES (15, 33, 3);
INSERT INTO bookstoredb.order_detail (book_id, order_id, quantity) VALUES (15, 67, 2);
INSERT INTO bookstoredb.order_detail (book_id, order_id, quantity) VALUES (15, 91, 1);
INSERT INTO bookstoredb.order_detail (book_id, order_id, quantity) VALUES (16, 9, 3);
INSERT INTO bookstoredb.order_detail (book_id, order_id, quantity) VALUES (16, 34, 3);
INSERT INTO bookstoredb.order_detail (book_id, order_id, quantity) VALUES (16, 39, 2);
INSERT INTO bookstoredb.order_detail (book_id, order_id, quantity) VALUES (16, 50, 2);
INSERT INTO bookstoredb.order_detail (book_id, order_id, quantity) VALUES (16, 71, 2);
INSERT INTO bookstoredb.order_detail (book_id, order_id, quantity) VALUES (17, 11, 1);
INSERT INTO bookstoredb.order_detail (book_id, order_id, quantity) VALUES (17, 20, 3);
INSERT INTO bookstoredb.order_detail (book_id, order_id, quantity) VALUES (17, 98, 2);
INSERT INTO bookstoredb.order_detail (book_id, order_id, quantity) VALUES (18, 15, 2);
INSERT INTO bookstoredb.order_detail (book_id, order_id, quantity) VALUES (20, 48, 2);
INSERT INTO bookstoredb.order_detail (book_id, order_id, quantity) VALUES (20, 67, 1);
INSERT INTO bookstoredb.order_detail (book_id, order_id, quantity) VALUES (20, 84, 3);
INSERT INTO bookstoredb.order_detail (book_id, order_id, quantity) VALUES (21, 9, 2);
INSERT INTO bookstoredb.order_detail (book_id, order_id, quantity) VALUES (21, 35, 3);
INSERT INTO bookstoredb.order_detail (book_id, order_id, quantity) VALUES (21, 42, 2);
INSERT INTO bookstoredb.order_detail (book_id, order_id, quantity) VALUES (21, 43, 5);
INSERT INTO bookstoredb.order_detail (book_id, order_id, quantity) VALUES (21, 73, 3);
INSERT INTO bookstoredb.order_detail (book_id, order_id, quantity) VALUES (22, 25, 3);
INSERT INTO bookstoredb.order_detail (book_id, order_id, quantity) VALUES (22, 41, 2);
INSERT INTO bookstoredb.order_detail (book_id, order_id, quantity) VALUES (22, 43, 1);
INSERT INTO bookstoredb.order_detail (book_id, order_id, quantity) VALUES (22, 51, 1);
INSERT INTO bookstoredb.order_detail (book_id, order_id, quantity) VALUES (22, 81, 2);
INSERT INTO bookstoredb.order_detail (book_id, order_id, quantity) VALUES (23, 14, 3);
INSERT INTO bookstoredb.order_detail (book_id, order_id, quantity) VALUES (23, 68, 3);
INSERT INTO bookstoredb.order_detail (book_id, order_id, quantity) VALUES (23, 85, 1);
INSERT INTO bookstoredb.order_detail (book_id, order_id, quantity) VALUES (24, 31, 2);
INSERT INTO bookstoredb.order_detail (book_id, order_id, quantity) VALUES (24, 45, 1);
INSERT INTO bookstoredb.order_detail (book_id, order_id, quantity) VALUES (24, 52, 2);
INSERT INTO bookstoredb.order_detail (book_id, order_id, quantity) VALUES (24, 61, 2);
INSERT INTO bookstoredb.order_detail (book_id, order_id, quantity) VALUES (24, 63, 2);
INSERT INTO bookstoredb.order_detail (book_id, order_id, quantity) VALUES (25, 33, 2);
INSERT INTO bookstoredb.order_detail (book_id, order_id, quantity) VALUES (25, 76, 1);
INSERT INTO bookstoredb.order_detail (book_id, order_id, quantity) VALUES (25, 83, 2);
INSERT INTO bookstoredb.order_detail (book_id, order_id, quantity) VALUES (26, 26, 2);
INSERT INTO bookstoredb.order_detail (book_id, order_id, quantity) VALUES (26, 37, 1);
INSERT INTO bookstoredb.order_detail (book_id, order_id, quantity) VALUES (26, 40, 2);
INSERT INTO bookstoredb.order_detail (book_id, order_id, quantity) VALUES (26, 48, 2);
INSERT INTO bookstoredb.order_detail (book_id, order_id, quantity) VALUES (26, 72, 2);
INSERT INTO bookstoredb.order_detail (book_id, order_id, quantity) VALUES (26, 79, 2);
INSERT INTO bookstoredb.order_detail (book_id, order_id, quantity) VALUES (27, 35, 3);
INSERT INTO bookstoredb.order_detail (book_id, order_id, quantity) VALUES (27, 77, 3);
INSERT INTO bookstoredb.order_detail (book_id, order_id, quantity) VALUES (27, 99, 3);
INSERT INTO bookstoredb.order_detail (book_id, order_id, quantity) VALUES (28, 18, 2);
INSERT INTO bookstoredb.order_detail (book_id, order_id, quantity) VALUES (28, 49, 3);
INSERT INTO bookstoredb.order_detail (book_id, order_id, quantity) VALUES (29, 6, 1);
INSERT INTO bookstoredb.order_detail (book_id, order_id, quantity) VALUES (29, 38, 3);
INSERT INTO bookstoredb.order_detail (book_id, order_id, quantity) VALUES (29, 55, 2);
INSERT INTO bookstoredb.order_detail (book_id, order_id, quantity) VALUES (29, 67, 2);
INSERT INTO bookstoredb.order_detail (book_id, order_id, quantity) VALUES (29, 82, 3);
INSERT INTO bookstoredb.order_detail (book_id, order_id, quantity) VALUES (29, 83, 2);
INSERT INTO bookstoredb.order_detail (book_id, order_id, quantity) VALUES (29, 88, 3);
INSERT INTO bookstoredb.order_detail (book_id, order_id, quantity) VALUES (30, 3, 1);
INSERT INTO bookstoredb.order_detail (book_id, order_id, quantity) VALUES (30, 35, 1);
INSERT INTO bookstoredb.order_detail (book_id, order_id, quantity) VALUES (30, 66, 2);
INSERT INTO bookstoredb.order_detail (book_id, order_id, quantity) VALUES (30, 78, 3);
INSERT INTO bookstoredb.order_detail (book_id, order_id, quantity) VALUES (31, 44, 2);
INSERT INTO bookstoredb.order_detail (book_id, order_id, quantity) VALUES (31, 49, 1);
INSERT INTO bookstoredb.order_detail (book_id, order_id, quantity) VALUES (31, 88, 3);
INSERT INTO bookstoredb.order_detail (book_id, order_id, quantity) VALUES (32, 15, 1);
INSERT INTO bookstoredb.order_detail (book_id, order_id, quantity) VALUES (32, 23, 1);
INSERT INTO bookstoredb.order_detail (book_id, order_id, quantity) VALUES (32, 54, 2);
INSERT INTO bookstoredb.order_detail (book_id, order_id, quantity) VALUES (32, 92, 3);
INSERT INTO bookstoredb.order_detail (book_id, order_id, quantity) VALUES (33, 19, 1);
INSERT INTO bookstoredb.order_detail (book_id, order_id, quantity) VALUES (33, 78, 2);
INSERT INTO bookstoredb.order_detail (book_id, order_id, quantity) VALUES (33, 90, 2);
INSERT INTO bookstoredb.order_detail (book_id, order_id, quantity) VALUES (34, 2, 3);
INSERT INTO bookstoredb.order_detail (book_id, order_id, quantity) VALUES (34, 51, 1);
INSERT INTO bookstoredb.order_detail (book_id, order_id, quantity) VALUES (34, 59, 2);
INSERT INTO bookstoredb.order_detail (book_id, order_id, quantity) VALUES (34, 94, 3);
INSERT INTO bookstoredb.order_detail (book_id, order_id, quantity) VALUES (35, 8, 2);
INSERT INTO bookstoredb.order_detail (book_id, order_id, quantity) VALUES (35, 53, 3);
INSERT INTO bookstoredb.order_detail (book_id, order_id, quantity) VALUES (35, 72, 1);
INSERT INTO bookstoredb.order_detail (book_id, order_id, quantity) VALUES (35, 89, 1);
INSERT INTO bookstoredb.order_detail (book_id, order_id, quantity) VALUES (35, 97, 2);
INSERT INTO bookstoredb.order_detail (book_id, order_id, quantity) VALUES (36, 21, 1);
INSERT INTO bookstoredb.order_detail (book_id, order_id, quantity) VALUES (36, 39, 3);
INSERT INTO bookstoredb.order_detail (book_id, order_id, quantity) VALUES (36, 42, 3);
INSERT INTO bookstoredb.order_detail (book_id, order_id, quantity) VALUES (36, 46, 2);
INSERT INTO bookstoredb.order_detail (book_id, order_id, quantity) VALUES (36, 62, 3);
INSERT INTO bookstoredb.order_detail (book_id, order_id, quantity) VALUES (36, 68, 3);
INSERT INTO bookstoredb.order_detail (book_id, order_id, quantity) VALUES (36, 78, 1);
INSERT INTO bookstoredb.order_detail (book_id, order_id, quantity) VALUES (36, 81, 3);
INSERT INTO bookstoredb.order_detail (book_id, order_id, quantity) VALUES (37, 2, 2);
INSERT INTO bookstoredb.order_detail (book_id, order_id, quantity) VALUES (37, 3, 3);
INSERT INTO bookstoredb.order_detail (book_id, order_id, quantity) VALUES (37, 11, 3);
INSERT INTO bookstoredb.order_detail (book_id, order_id, quantity) VALUES (37, 31, 2);
INSERT INTO bookstoredb.order_detail (book_id, order_id, quantity) VALUES (38, 29, 3);
INSERT INTO bookstoredb.order_detail (book_id, order_id, quantity) VALUES (38, 64, 2);
INSERT INTO bookstoredb.order_detail (book_id, order_id, quantity) VALUES (38, 87, 2);
INSERT INTO bookstoredb.order_detail (book_id, order_id, quantity) VALUES (40, 12, 1);
INSERT INTO bookstoredb.order_detail (book_id, order_id, quantity) VALUES (40, 13, 1);
INSERT INTO bookstoredb.order_detail (book_id, order_id, quantity) VALUES (40, 48, 3);
INSERT INTO bookstoredb.order_detail (book_id, order_id, quantity) VALUES (40, 89, 1);
INSERT INTO bookstoredb.order_detail (book_id, order_id, quantity) VALUES (41, 23, 2);
INSERT INTO bookstoredb.order_detail (book_id, order_id, quantity) VALUES (41, 32, 10);
INSERT INTO bookstoredb.order_detail (book_id, order_id, quantity) VALUES (41, 33, 1);
INSERT INTO bookstoredb.order_detail (book_id, order_id, quantity) VALUES (41, 35, 9);
INSERT INTO bookstoredb.order_detail (book_id, order_id, quantity) VALUES (41, 55, 2);
INSERT INTO bookstoredb.order_detail (book_id, order_id, quantity) VALUES (41, 67, 2);
INSERT INTO bookstoredb.order_detail (book_id, order_id, quantity) VALUES (41, 92, 3);
INSERT INTO bookstoredb.order_detail (book_id, order_id, quantity) VALUES (41, 97, 1);
INSERT INTO bookstoredb.order_detail (book_id, order_id, quantity) VALUES (42, 37, 2);
INSERT INTO bookstoredb.order_detail (book_id, order_id, quantity) VALUES (42, 53, 3);
INSERT INTO bookstoredb.order_detail (book_id, order_id, quantity) VALUES (42, 80, 3);
INSERT INTO bookstoredb.order_detail (book_id, order_id, quantity) VALUES (43, 4, 3);
INSERT INTO bookstoredb.order_detail (book_id, order_id, quantity) VALUES (43, 14, 2);
INSERT INTO bookstoredb.order_detail (book_id, order_id, quantity) VALUES (43, 26, 3);
INSERT INTO bookstoredb.order_detail (book_id, order_id, quantity) VALUES (43, 61, 2);
INSERT INTO bookstoredb.order_detail (book_id, order_id, quantity) VALUES (44, 33, 3);
INSERT INTO bookstoredb.order_detail (book_id, order_id, quantity) VALUES (44, 79, 2);
INSERT INTO bookstoredb.order_detail (book_id, order_id, quantity) VALUES (44, 80, 3);
INSERT INTO bookstoredb.order_detail (book_id, order_id, quantity) VALUES (45, 2, 3);
INSERT INTO bookstoredb.order_detail (book_id, order_id, quantity) VALUES (46, 1, 1);
INSERT INTO bookstoredb.order_detail (book_id, order_id, quantity) VALUES (46, 45, 1);
INSERT INTO bookstoredb.order_detail (book_id, order_id, quantity) VALUES (46, 56, 2);
INSERT INTO bookstoredb.order_detail (book_id, order_id, quantity) VALUES (46, 59, 3);
INSERT INTO bookstoredb.order_detail (book_id, order_id, quantity) VALUES (46, 72, 3);
INSERT INTO bookstoredb.order_detail (book_id, order_id, quantity) VALUES (47, 7, 2);
INSERT INTO bookstoredb.order_detail (book_id, order_id, quantity) VALUES (47, 47, 2);
INSERT INTO bookstoredb.order_detail (book_id, order_id, quantity) VALUES (47, 85, 1);
INSERT INTO bookstoredb.order_detail (book_id, order_id, quantity) VALUES (48, 62, 1);
INSERT INTO bookstoredb.order_detail (book_id, order_id, quantity) VALUES (48, 74, 1);
INSERT INTO bookstoredb.order_detail (book_id, order_id, quantity) VALUES (48, 89, 3);
INSERT INTO bookstoredb.order_detail (book_id, order_id, quantity) VALUES (49, 16, 3);
INSERT INTO bookstoredb.order_detail (book_id, order_id, quantity) VALUES (49, 31, 2);
INSERT INTO bookstoredb.order_detail (book_id, order_id, quantity) VALUES (49, 51, 1);
INSERT INTO bookstoredb.order_detail (book_id, order_id, quantity) VALUES (49, 84, 3);
INSERT INTO bookstoredb.order_detail (book_id, order_id, quantity) VALUES (49, 95, 3);
INSERT INTO bookstoredb.order_detail (book_id, order_id, quantity) VALUES (50, 20, 2);
INSERT INTO bookstoredb.order_detail (book_id, order_id, quantity) VALUES (50, 24, 2);
INSERT INTO bookstoredb.order_detail (book_id, order_id, quantity) VALUES (50, 34, 1);
INSERT INTO bookstoredb.order_detail (book_id, order_id, quantity) VALUES (50, 36, 2);
INSERT INTO bookstoredb.order_detail (book_id, order_id, quantity) VALUES (50, 60, 1);
INSERT INTO bookstoredb.order_detail (book_id, order_id, quantity) VALUES (50, 75, 2);
INSERT INTO bookstoredb.order_detail (book_id, order_id, quantity) VALUES (50, 78, 3);
INSERT INTO bookstoredb.order_detail (book_id, order_id, quantity) VALUES (50, 96, 1);
INSERT INTO bookstoredb.order_detail (book_id, order_id, quantity) VALUES (51, 36, 2);
INSERT INTO bookstoredb.order_detail (book_id, order_id, quantity) VALUES (51, 78, 3);
INSERT INTO bookstoredb.order_detail (book_id, order_id, quantity) VALUES (53, 69, 2);
INSERT INTO bookstoredb.order_detail (book_id, order_id, quantity) VALUES (53, 71, 3);
INSERT INTO bookstoredb.order_detail (book_id, order_id, quantity) VALUES (53, 76, 3);
INSERT INTO bookstoredb.order_detail (book_id, order_id, quantity) VALUES (54, 5, 1);
INSERT INTO bookstoredb.order_detail (book_id, order_id, quantity) VALUES (54, 21, 3);
INSERT INTO bookstoredb.order_detail (book_id, order_id, quantity) VALUES (54, 55, 3);